-- phpMyAdmin SQL Dump
-- version 5.1.1
-- https://www.phpmyadmin.net/
--
-- Host: localhost:3306
-- Generation Time: Feb 15, 2022 at 11:25 PM
-- Server version: 5.7.24
-- PHP Version: 7.4.27

SET SQL_MODE = "NO_AUTO_VALUE_ON_ZERO";
START TRANSACTION;
SET time_zone = "+00:00";


/*!40101 SET @OLD_CHARACTER_SET_CLIENT=@@CHARACTER_SET_CLIENT */;
/*!40101 SET @OLD_CHARACTER_SET_RESULTS=@@CHARACTER_SET_RESULTS */;
/*!40101 SET @OLD_COLLATION_CONNECTION=@@COLLATION_CONNECTION */;
/*!40101 SET NAMES utf8mb4 */;

--
-- Database: `7_bitfams_ecom_lara_restful_api_again`
--

-- --------------------------------------------------------

--
-- Table structure for table `failed_jobs`
--

CREATE TABLE `failed_jobs` (
  `id` bigint(20) UNSIGNED NOT NULL,
  `connection` text COLLATE utf8mb4_unicode_ci NOT NULL,
  `queue` text COLLATE utf8mb4_unicode_ci NOT NULL,
  `payload` longtext COLLATE utf8mb4_unicode_ci NOT NULL,
  `exception` longtext COLLATE utf8mb4_unicode_ci NOT NULL,
  `failed_at` timestamp NOT NULL DEFAULT CURRENT_TIMESTAMP
) ENGINE=InnoDB DEFAULT CHARSET=utf8mb4 COLLATE=utf8mb4_unicode_ci;

-- --------------------------------------------------------

--
-- Table structure for table `migrations`
--

CREATE TABLE `migrations` (
  `id` int(10) UNSIGNED NOT NULL,
  `migration` varchar(255) COLLATE utf8mb4_unicode_ci NOT NULL,
  `batch` int(11) NOT NULL
) ENGINE=InnoDB DEFAULT CHARSET=utf8mb4 COLLATE=utf8mb4_unicode_ci;

--
-- Dumping data for table `migrations`
--

INSERT INTO `migrations` (`id`, `migration`, `batch`) VALUES
(11, '2014_10_12_000000_create_users_table', 1),
(12, '2014_10_12_100000_create_password_resets_table', 1),
(13, '2016_06_01_000001_create_oauth_auth_codes_table', 1),
(14, '2016_06_01_000002_create_oauth_access_tokens_table', 1),
(15, '2016_06_01_000003_create_oauth_refresh_tokens_table', 1),
(16, '2016_06_01_000004_create_oauth_clients_table', 1),
(17, '2016_06_01_000005_create_oauth_personal_access_clients_table', 1),
(18, '2019_08_19_000000_create_failed_jobs_table', 1),
(19, '2022_02_11_092441_create_products_table', 1),
(20, '2022_02_11_092528_create_reviews_table', 1);

-- --------------------------------------------------------

--
-- Table structure for table `oauth_access_tokens`
--

CREATE TABLE `oauth_access_tokens` (
  `id` varchar(100) COLLATE utf8mb4_unicode_ci NOT NULL,
  `user_id` bigint(20) DEFAULT NULL,
  `client_id` int(10) UNSIGNED NOT NULL,
  `name` varchar(255) COLLATE utf8mb4_unicode_ci DEFAULT NULL,
  `scopes` text COLLATE utf8mb4_unicode_ci,
  `revoked` tinyint(1) NOT NULL,
  `created_at` timestamp NULL DEFAULT NULL,
  `updated_at` timestamp NULL DEFAULT NULL,
  `expires_at` datetime DEFAULT NULL
) ENGINE=InnoDB DEFAULT CHARSET=utf8mb4 COLLATE=utf8mb4_unicode_ci;

--
-- Dumping data for table `oauth_access_tokens`
--

INSERT INTO `oauth_access_tokens` (`id`, `user_id`, `client_id`, `name`, `scopes`, `revoked`, `created_at`, `updated_at`, `expires_at`) VALUES
('f755c484d94e864e93dde44134a6a3b18fbddae2db2d8e435e622845de0af956eac30294942e10b8', 1, 2, NULL, '[]', 0, '2022-02-14 12:00:47', '2022-02-14 12:00:47', '2023-02-14 18:00:47');

-- --------------------------------------------------------

--
-- Table structure for table `oauth_auth_codes`
--

CREATE TABLE `oauth_auth_codes` (
  `id` varchar(100) COLLATE utf8mb4_unicode_ci NOT NULL,
  `user_id` bigint(20) NOT NULL,
  `client_id` int(10) UNSIGNED NOT NULL,
  `scopes` text COLLATE utf8mb4_unicode_ci,
  `revoked` tinyint(1) NOT NULL,
  `expires_at` datetime DEFAULT NULL
) ENGINE=InnoDB DEFAULT CHARSET=utf8mb4 COLLATE=utf8mb4_unicode_ci;

-- --------------------------------------------------------

--
-- Table structure for table `oauth_clients`
--

CREATE TABLE `oauth_clients` (
  `id` int(10) UNSIGNED NOT NULL,
  `user_id` bigint(20) DEFAULT NULL,
  `name` varchar(255) COLLATE utf8mb4_unicode_ci NOT NULL,
  `secret` varchar(100) COLLATE utf8mb4_unicode_ci NOT NULL,
  `redirect` text COLLATE utf8mb4_unicode_ci NOT NULL,
  `personal_access_client` tinyint(1) NOT NULL,
  `password_client` tinyint(1) NOT NULL,
  `revoked` tinyint(1) NOT NULL,
  `created_at` timestamp NULL DEFAULT NULL,
  `updated_at` timestamp NULL DEFAULT NULL
) ENGINE=InnoDB DEFAULT CHARSET=utf8mb4 COLLATE=utf8mb4_unicode_ci;

--
-- Dumping data for table `oauth_clients`
--

INSERT INTO `oauth_clients` (`id`, `user_id`, `name`, `secret`, `redirect`, `personal_access_client`, `password_client`, `revoked`, `created_at`, `updated_at`) VALUES
(1, NULL, 'LaravelResufulAPi Personal Access Client', 'YdMZa2BpilLwIEJRvugtECxLGsoXoCfMuhiVZgwU', 'http://localhost', 1, 0, 0, '2022-02-14 11:07:44', '2022-02-14 11:07:44'),
(2, NULL, 'LaravelResufulAPi Password Grant Client', 'OAhkqBMuHXHrBwtOm6hYOitmwqKqygFA0hyJuT6u', 'http://localhost', 0, 1, 0, '2022-02-14 11:07:44', '2022-02-14 11:07:44');

-- --------------------------------------------------------

--
-- Table structure for table `oauth_personal_access_clients`
--

CREATE TABLE `oauth_personal_access_clients` (
  `id` int(10) UNSIGNED NOT NULL,
  `client_id` int(10) UNSIGNED NOT NULL,
  `created_at` timestamp NULL DEFAULT NULL,
  `updated_at` timestamp NULL DEFAULT NULL
) ENGINE=InnoDB DEFAULT CHARSET=utf8mb4 COLLATE=utf8mb4_unicode_ci;

--
-- Dumping data for table `oauth_personal_access_clients`
--

INSERT INTO `oauth_personal_access_clients` (`id`, `client_id`, `created_at`, `updated_at`) VALUES
(1, 1, '2022-02-14 11:07:44', '2022-02-14 11:07:44');

-- --------------------------------------------------------

--
-- Table structure for table `oauth_refresh_tokens`
--

CREATE TABLE `oauth_refresh_tokens` (
  `id` varchar(100) COLLATE utf8mb4_unicode_ci NOT NULL,
  `access_token_id` varchar(100) COLLATE utf8mb4_unicode_ci NOT NULL,
  `revoked` tinyint(1) NOT NULL,
  `expires_at` datetime DEFAULT NULL
) ENGINE=InnoDB DEFAULT CHARSET=utf8mb4 COLLATE=utf8mb4_unicode_ci;

--
-- Dumping data for table `oauth_refresh_tokens`
--

INSERT INTO `oauth_refresh_tokens` (`id`, `access_token_id`, `revoked`, `expires_at`) VALUES
('3cbcda7019abe64bd2492ffca4e632ea666a4840a33ad3721acc552da416aff8bad38e72969fdfb8', '769e684db1dff6574e94d199268698648d683d50fe3c046154a3f3bbf8dde75657266442b642018a', 0, '2023-02-14 17:37:18'),
('576f5a17a922362380c908f8c8f02822162e374a4f27b368ae80cdad12d5296e8bba9b508deab648', '5e10a1fc47adafbe439794f9dc935b404befeea5a3ecdcddc31ee698fc6ac6f2560698e2b2e57923', 0, '2023-02-14 17:10:21'),
('714c96ed8506c2f3645710e7ff33aef0fc650f2e6f8fabac6c4a0bd8d46c5193fdc606a520afac21', 'ad9fdef1ec73c9d1eec43153409ddb6d500f2611388588816333d13ba72ea71e8d03b4f38570c160', 0, '2023-02-14 17:59:59'),
('87a944a631bd6eac4e4d4e2abd25e88e6d9261c69e3e83b8ad61e785dacb98fe2e940862e9837595', '6626245f2743b141b3c09733301059edd8e779d47856386507f00b9b3f3e4a6eb45206de4e1b397f', 0, '2023-02-14 18:00:01'),
('efe4c2165dedfc00f86e7b474c95ab1a78e6e240528a8a16f27f87f91cfef4548fa919445f5099c1', 'f755c484d94e864e93dde44134a6a3b18fbddae2db2d8e435e622845de0af956eac30294942e10b8', 0, '2023-02-14 18:00:47');

-- --------------------------------------------------------

--
-- Table structure for table `password_resets`
--

CREATE TABLE `password_resets` (
  `email` varchar(255) COLLATE utf8mb4_unicode_ci NOT NULL,
  `token` varchar(255) COLLATE utf8mb4_unicode_ci NOT NULL,
  `created_at` timestamp NULL DEFAULT NULL
) ENGINE=InnoDB DEFAULT CHARSET=utf8mb4 COLLATE=utf8mb4_unicode_ci;

-- --------------------------------------------------------

--
-- Table structure for table `products`
--

CREATE TABLE `products` (
  `id` int(10) UNSIGNED NOT NULL,
  `user_id` int(10) UNSIGNED NOT NULL,
  `name` varchar(255) COLLATE utf8mb4_unicode_ci NOT NULL,
  `details` text COLLATE utf8mb4_unicode_ci NOT NULL,
  `price` int(11) NOT NULL,
  `stock` int(11) NOT NULL,
  `discount` int(11) NOT NULL,
  `created_at` timestamp NULL DEFAULT NULL,
  `updated_at` timestamp NULL DEFAULT NULL
) ENGINE=InnoDB DEFAULT CHARSET=utf8mb4 COLLATE=utf8mb4_unicode_ci;

--
-- Dumping data for table `products`
--

INSERT INTO `products` (`id`, `user_id`, `name`, `details`, `price`, `stock`, `discount`, `created_at`, `updated_at`) VALUES
(1, 3, 'reprehenderit', 'Numquam eum debitis praesentium assumenda atque soluta enim repellat. Repudiandae et voluptas sequi est iste ipsam. In quis animi voluptate a autem quasi in. Ipsum at maiores laudantium animi quaerat.', 1669, 2, 5, '2022-02-14 10:46:34', '2022-02-14 10:46:34'),
(2, 5, 'aliquam', 'Optio est nemo provident officiis impedit. Quo aperiam suscipit repellat ut sapiente. Excepturi ea magni natus.', 4789, 6, 3, '2022-02-14 10:46:34', '2022-02-14 10:46:34'),
(3, 1, 'Nokia 1000', 'Nokia In voluptatibus debitis provident. Dignissimos non et itaque sint doloremque. Provident assumenda doloremque autem quia illum. Minima officiis cumque debitis officiis.', 4200, 10, 3, '2022-02-14 10:46:34', '2022-02-14 11:12:37'),
(4, 3, 'quasi', 'Omnis sint doloribus nesciunt inventore. Dolore labore autem quia quis impedit fuga esse sunt. Autem ut voluptas sequi. Aliquid quas veniam nihil hic architecto. Et doloribus nam eos dolores voluptatem.', 2239, 0, 3, '2022-02-14 10:46:34', '2022-02-14 10:46:34'),
(5, 2, 'recusandae', 'Sed dolor suscipit harum ad est ratione autem. Suscipit nemo qui eum a occaecati. Eos quam ut perferendis a adipisci non. Quas aut accusamus dolore doloribus.', 1796, 3, 3, '2022-02-14 10:46:34', '2022-02-14 10:46:34'),
(6, 2, 'fugiat', 'Similique quia eum doloribus labore ea voluptate. Et laborum quos iure consequatur fugiat architecto. Officiis necessitatibus ipsa consequatur exercitationem debitis voluptatem dolorem. Similique aperiam est asperiores.', 2275, 7, 7, '2022-02-14 10:46:34', '2022-02-14 10:46:34'),
(7, 1, 'architecto', 'Quisquam dolorem eaque ipsa omnis quis commodi maxime voluptas. At eveniet eligendi quam sunt. Beatae magni quia cupiditate ipsum. Quisquam sapiente amet provident qui eos omnis debitis.', 1327, 2, 5, '2022-02-14 10:46:34', '2022-02-14 10:46:34'),
(8, 2, 'commodi', 'Quo quaerat autem quia maiores sed inventore. Aliquid dolorum iure qui. Voluptates tenetur aperiam quos aperiam commodi fuga. Ut maiores repudiandae recusandae.', 1177, 3, 10, '2022-02-14 10:46:34', '2022-02-14 10:46:34'),
(9, 3, 'repellat', 'Illo similique quo et rerum totam minima. Et consequatur quasi enim velit quidem explicabo. Non laboriosam quo quam consequatur et. Aliquid omnis quos enim quaerat labore nobis.', 1151, 5, 8, '2022-02-14 10:46:35', '2022-02-14 10:46:35'),
(10, 3, 'ipsum', 'Rerum culpa minus voluptas similique. Laboriosam est culpa facere iure deserunt quod. Nihil rerum molestiae aspernatur sapiente itaque autem.', 2383, 6, 10, '2022-02-14 10:46:35', '2022-02-14 10:46:35'),
(11, 3, 'et', 'Debitis officia et nihil error eius doloremque perferendis reprehenderit. Sed natus sit aut commodi.', 4840, 2, 10, '2022-02-14 10:46:35', '2022-02-14 10:46:35'),
(12, 1, 'libero', 'Cupiditate debitis omnis rerum facere et consequuntur accusamus. Hic incidunt et sit enim. Aliquid nostrum rem odio ut.', 2229, 1, 3, '2022-02-14 10:46:35', '2022-02-14 10:46:35'),
(13, 4, 'vero', 'Eum excepturi nihil minus. Rerum quasi et tempore non nemo. Dicta recusandae id eum adipisci et qui magnam. Nihil qui et recusandae qui ut. Amet ratione earum ipsa facere laboriosam.', 3759, 7, 3, '2022-02-14 10:46:35', '2022-02-14 10:46:35'),
(14, 4, 'quo', 'Et numquam tempore est enim similique. Et molestiae impedit ut nemo et sint. Porro harum enim est aliquam. Accusantium deleniti a ea ducimus.', 4603, 9, 4, '2022-02-14 10:46:35', '2022-02-14 10:46:35'),
(15, 2, 'voluptas', 'Non voluptas ipsum inventore molestiae eos est. Earum nemo modi voluptas est repellat et. A perspiciatis non quia ut.', 3890, 4, 9, '2022-02-14 10:46:35', '2022-02-14 10:46:35'),
(16, 4, 'sapiente', 'Corrupti cupiditate ut nam ea ducimus aut quisquam. Ex sed dolor voluptas quidem.', 3760, 3, 7, '2022-02-14 10:46:35', '2022-02-14 10:46:35'),
(17, 4, 'magnam', 'Asperiores voluptate rerum nemo doloremque voluptatem aperiam velit. Aut consequatur sed vero aut fugit qui consectetur. Natus eligendi et corporis ut. Impedit quibusdam sit iure voluptatem.', 3741, 2, 2, '2022-02-14 10:46:35', '2022-02-14 10:46:35'),
(18, 3, 'sunt', 'Autem sunt doloremque officiis amet non dolorem. Laborum harum aut sed quis. Similique et quia accusamus est vel sit.', 4398, 3, 4, '2022-02-14 10:46:35', '2022-02-14 10:46:35'),
(19, 5, 'ut', 'Vero ut earum doloribus. Temporibus vel id placeat porro.', 3354, 9, 7, '2022-02-14 10:46:35', '2022-02-14 10:46:35'),
(20, 1, 'minus', 'Est suscipit ut qui reiciendis. Vitae ducimus optio quis et repudiandae magnam voluptas. Aut et ab reiciendis aut nihil tempora rerum. Doloribus possimus recusandae ad temporibus dolores sapiente.', 4602, 8, 2, '2022-02-14 10:46:36', '2022-02-14 10:46:36'),
(21, 1, 'voluptas', 'Asperiores nihil repellendus quasi. Quibusdam consequatur mollitia ut unde neque repellendus sequi sit. Aut laborum et voluptates voluptas quisquam illum autem laboriosam. Totam quia aliquam deserunt et ratione.', 1846, 6, 7, '2022-02-14 10:46:36', '2022-02-14 10:46:36'),
(22, 3, 'quaerat', 'Enim occaecati nihil sit nobis est eius et ut. Ratione sunt nihil assumenda tempore rerum. Exercitationem quibusdam consequatur hic qui. Esse quo eaque molestiae eveniet.', 2846, 5, 4, '2022-02-14 10:46:36', '2022-02-14 10:46:36'),
(23, 2, 'qui', 'Cumque consequatur voluptatem ex quo vel voluptas. Animi aut aspernatur quia et. Qui autem quas voluptas.', 1939, 0, 2, '2022-02-14 10:46:36', '2022-02-14 10:46:36'),
(24, 2, 'et', 'Et consectetur voluptatem omnis quis nesciunt harum. Quo aut voluptatem qui ipsam rerum ut nulla explicabo. Quibusdam praesentium et eius.', 1928, 9, 6, '2022-02-14 10:46:36', '2022-02-14 10:46:36'),
(25, 3, 'aspernatur', 'Voluptatem eaque porro sed tempora dolorem omnis perspiciatis. Numquam tempore nihil tempore quia recusandae in. Aut ipsum iusto excepturi.', 3588, 9, 10, '2022-02-14 10:46:36', '2022-02-14 10:46:36'),
(26, 4, 'et', 'Tempora impedit officiis deleniti voluptatem ipsum dolores suscipit. Quam suscipit soluta facere voluptate totam quia. Quia aut qui omnis facilis aut. Voluptatibus id officia consequatur veritatis repellendus ipsum harum. Dolor tenetur nobis quia ipsa aperiam quo dolorum.', 4621, 3, 5, '2022-02-14 10:46:36', '2022-02-14 10:46:36'),
(27, 1, 'commodi', 'Voluptate repellendus itaque dignissimos assumenda voluptas. Repellat explicabo nihil dignissimos qui sapiente a. Excepturi sit in quod necessitatibus iste necessitatibus.', 4853, 7, 4, '2022-02-14 10:46:36', '2022-02-14 10:46:36'),
(28, 5, 'autem', 'Ut occaecati corrupti culpa rem soluta. Quisquam velit esse optio corrupti ut occaecati quam ducimus. Rem ad cumque quisquam est.', 4883, 2, 9, '2022-02-14 10:46:36', '2022-02-14 10:46:36'),
(29, 1, 'cum', 'Ad explicabo ea omnis sint tempora vero. Et sit quam consequuntur vitae. Voluptates nihil rerum amet iure totam impedit in vitae. Itaque illum fugit tempora sint.', 2259, 7, 8, '2022-02-14 10:46:36', '2022-02-14 10:46:36'),
(30, 1, 'Nokia2 1000', 'Nokia In voluptatibus debitis provident. Dignissimos non et itaque sint doloremque. Provident assumenda doloremque autem quia illum. Minima officiis cumque debitis officiis.', 4200, 10, 3, '2022-02-14 10:46:36', '2022-02-14 11:16:04'),
(31, 4, 'repellendus', 'Adipisci corrupti rerum a magni necessitatibus. Culpa nihil in excepturi sunt incidunt laudantium. Et impedit aut doloribus doloribus sit.', 1417, 1, 3, '2022-02-14 10:46:37', '2022-02-14 10:46:37'),
(32, 3, 'aut', 'Voluptatem dicta maiores repellat qui earum sed cupiditate. Iure veniam nostrum quos earum consequuntur amet sit. Iusto nihil enim commodi voluptatibus mollitia. Officiis aperiam in ad omnis.', 1512, 9, 4, '2022-02-14 10:46:37', '2022-02-14 10:46:37'),
(33, 4, 'ipsam', 'Molestiae aliquid et quibusdam aliquam velit accusamus sunt. Facilis rerum repudiandae et sint ut consectetur laudantium consequatur. Est est enim aut maiores harum quo. Quisquam ratione et iste laudantium reprehenderit et.', 3026, 7, 8, '2022-02-14 10:46:37', '2022-02-14 10:46:37'),
(34, 5, 'ut', 'Voluptatem explicabo iure sit optio repellendus accusamus officiis. Minus iusto quo asperiores accusantium quo ut.', 4556, 4, 2, '2022-02-14 10:46:37', '2022-02-14 10:46:37'),
(35, 1, 'et', 'Placeat provident unde perspiciatis. Mollitia modi nostrum sapiente aut culpa adipisci aut.', 1264, 0, 2, '2022-02-14 10:46:37', '2022-02-14 10:46:37'),
(36, 3, 'praesentium', 'Dignissimos quasi minus eum velit consequatur et. Quidem dolores quia omnis nulla nihil. Eveniet et eaque quam.', 2282, 4, 8, '2022-02-14 10:46:37', '2022-02-14 10:46:37'),
(37, 1, 'sit', 'Nisi molestiae et qui deleniti blanditiis magni cupiditate culpa. Autem assumenda ipsa quos a. Assumenda hic ex excepturi.', 1975, 0, 9, '2022-02-14 10:46:37', '2022-02-14 10:46:37'),
(38, 1, 'adipisci', 'Id et dicta officiis laborum qui natus. Suscipit est corporis incidunt voluptatem.', 2925, 7, 10, '2022-02-14 10:46:37', '2022-02-14 10:46:37'),
(39, 3, 'blanditiis', 'Molestiae nihil dolorem minima laudantium ducimus at. Nostrum molestias a et incidunt ea quis quas. Accusantium et debitis harum laudantium quisquam iste aperiam.', 4574, 0, 10, '2022-02-14 10:46:37', '2022-02-14 10:46:37'),
(40, 1, 'ut', 'Tenetur eaque modi veniam nisi occaecati eum. Explicabo voluptatum earum illo in ipsa tenetur quam. Molestiae voluptatem corporis qui neque.', 1523, 2, 9, '2022-02-14 10:46:37', '2022-02-14 10:46:37'),
(41, 3, 'molestiae', 'Sint nisi nobis vitae. Labore inventore cupiditate perferendis veritatis. Est a non rem perferendis dolorem sit facere. Ut hic delectus cumque repudiandae tempore tenetur.', 4369, 9, 4, '2022-02-14 10:46:38', '2022-02-14 10:46:38'),
(42, 1, 'quam', 'Accusantium dolorem repudiandae aut nesciunt vel et. Neque quam ab libero. Veritatis tempore suscipit doloremque quia omnis est.', 1016, 8, 2, '2022-02-14 10:46:38', '2022-02-14 10:46:38'),
(43, 3, 'velit', 'Officiis nihil dolores quo sit laudantium sit. Qui consectetur eaque vitae earum dignissimos. Libero qui voluptatibus ut esse tenetur ut corporis. Consequatur eos non accusamus libero.', 2698, 7, 8, '2022-02-14 10:46:38', '2022-02-14 10:46:38'),
(44, 4, 'odio', 'Omnis odit quisquam necessitatibus quia quibusdam est. Modi corrupti et nulla deleniti ipsam. Vel a quia non quo aliquid aut. Maiores quod libero nihil sed.', 2590, 4, 10, '2022-02-14 10:46:38', '2022-02-14 10:46:38'),
(45, 5, 'quia', 'Velit quos molestiae nemo quis atque. Inventore sed voluptatum ut non. Enim magni necessitatibus libero enim.', 2927, 2, 7, '2022-02-14 10:46:38', '2022-02-14 10:46:38'),
(46, 2, 'sit', 'Minima dolorem aliquid ad et. Pariatur quae sequi fuga enim velit non ut. Qui perspiciatis itaque et hic sint sit est.', 3398, 2, 3, '2022-02-14 10:46:38', '2022-02-14 10:46:38'),
(47, 2, 'doloribus', 'Illum qui corporis nisi dolorem consequuntur. Sit numquam inventore omnis omnis occaecati. In quidem quibusdam ipsam voluptatibus aut.', 3369, 6, 4, '2022-02-14 10:46:38', '2022-02-14 10:46:38'),
(48, 1, 'deserunt', 'Aut animi corporis placeat voluptatem consequatur est et. Est ut reprehenderit deserunt et. Et perferendis veniam explicabo sunt et placeat. Eum recusandae ut recusandae et.', 4946, 2, 8, '2022-02-14 10:46:38', '2022-02-14 10:46:38'),
(49, 4, 'accusantium', 'Ipsam ut maiores totam recusandae. Laborum doloremque voluptas laborum voluptatem. Sunt eligendi illo adipisci placeat facere veniam.', 3229, 8, 10, '2022-02-14 10:46:38', '2022-02-14 10:46:38'),
(50, 3, 'deleniti', 'Eius omnis maiores inventore minus. Repellendus totam impedit doloribus quasi sequi eos. Eum quia rem fugit ut impedit id. Deserunt quod similique ea pariatur.', 1867, 5, 3, '2022-02-14 10:46:38', '2022-02-14 10:46:38');

-- --------------------------------------------------------

--
-- Table structure for table `reviews`
--

CREATE TABLE `reviews` (
  `id` int(10) UNSIGNED NOT NULL,
  `product_id` int(10) UNSIGNED NOT NULL,
  `customer` varchar(255) COLLATE utf8mb4_unicode_ci NOT NULL,
  `review` text COLLATE utf8mb4_unicode_ci NOT NULL,
  `star` int(11) NOT NULL,
  `created_at` timestamp NULL DEFAULT NULL,
  `updated_at` timestamp NULL DEFAULT NULL
) ENGINE=InnoDB DEFAULT CHARSET=utf8mb4 COLLATE=utf8mb4_unicode_ci;

--
-- Dumping data for table `reviews`
--

INSERT INTO `reviews` (`id`, `product_id`, `customer`, `review`, `star`, `created_at`, `updated_at`) VALUES
(1, 35, 'repellendus', 'Assumenda sequi maiores reprehenderit deleniti. Ratione dolorem consequatur eius provident ut molestias ullam. Aut est dolore aut velit.', 5, '2022-02-14 10:46:39', '2022-02-14 10:46:39'),
(2, 46, 'quo', 'Pariatur nostrum non architecto assumenda voluptate ipsa magnam. Sapiente praesentium dolore repellat alias dolorum ut ut. Eos sit et sunt maxime esse ut in.', 1, '2022-02-14 10:46:39', '2022-02-14 10:46:39'),
(3, 14, 'fugit', 'Quia distinctio at aut esse vel qui eos. Voluptates quaerat odit in culpa odit. Reiciendis sint tenetur ipsum vitae dolore.', 2, '2022-02-14 10:46:39', '2022-02-14 10:46:39'),
(4, 9, 'consectetur', 'Odio dolorem dolorum sed placeat autem sed aliquam odit. Quis corrupti similique vel laboriosam molestias quidem alias sit. Nihil nihil quos assumenda eligendi voluptas sequi. Amet non atque repudiandae.', 2, '2022-02-14 10:46:40', '2022-02-14 10:46:40'),
(5, 30, 'provident', 'Provident voluptatem qui aut facilis ratione a. Ipsum fuga error omnis sed. Ipsam at voluptas necessitatibus quia nostrum cum.', 2, '2022-02-14 10:46:40', '2022-02-14 10:46:40'),
(6, 4, 'quibusdam', 'Et aliquam suscipit autem excepturi. Accusamus et sequi cumque. Maiores ad unde maxime in et pariatur dolorem.', 3, '2022-02-14 10:46:40', '2022-02-14 10:46:40'),
(7, 43, 'eius', 'Officia omnis est totam labore dolores blanditiis. Veritatis consequatur omnis at consequuntur ipsum quae. In nostrum temporibus sapiente nam. Optio magnam enim sit reiciendis voluptate ea.', 3, '2022-02-14 10:46:40', '2022-02-14 10:46:40'),
(8, 49, 'eum', 'Minima vero sint a. Accusamus corrupti ut odio modi. Ducimus aliquid itaque debitis totam. Aut natus consectetur laboriosam. Non id incidunt repellendus sed voluptatem.', 3, '2022-02-14 10:46:40', '2022-02-14 10:46:40'),
(9, 23, 'dolorum', 'Fugit non iure quaerat. Eum incidunt reprehenderit temporibus recusandae quasi qui qui voluptas. Aut nisi in ea consectetur aut delectus. Et ut amet aut animi enim illum quas.', 4, '2022-02-14 10:46:40', '2022-02-14 10:46:40'),
(10, 27, 'pariatur', 'Recusandae fuga et corporis qui. Aut sit vero autem quidem et repellat. Qui nobis totam nesciunt possimus et eum quae. Enim aspernatur animi est qui.', 3, '2022-02-14 10:46:40', '2022-02-14 10:46:40'),
(11, 29, 'est', 'Eaque alias et quasi cupiditate sapiente in. Laudantium ea doloremque laborum omnis pariatur qui est. Natus amet vel delectus eveniet reprehenderit exercitationem.', 5, '2022-02-14 10:46:40', '2022-02-14 10:46:40'),
(12, 11, 'animi', 'Voluptatem quisquam quidem vel. Quia vitae dolor itaque nihil. Voluptatibus ullam debitis illum dolore corrupti ipsum.', 1, '2022-02-14 10:46:40', '2022-02-14 10:46:40'),
(13, 33, 'architecto', 'Tenetur provident ut eius qui. Voluptatem est nostrum excepturi sint. Quos tempore quia consequatur sint. Est eum error minus vel quo laboriosam. Doloremque et nostrum laborum quisquam rem et vitae.', 5, '2022-02-14 10:46:40', '2022-02-14 10:46:40'),
(14, 25, 'quam', 'Repellendus officia porro aspernatur molestiae qui similique reprehenderit. Iusto quam accusamus ut qui culpa. Expedita iusto dolor et dicta accusamus.', 2, '2022-02-14 10:46:41', '2022-02-14 10:46:41'),
(15, 9, 'ut', 'Inventore eligendi voluptate harum cumque ducimus incidunt rerum. Accusamus mollitia harum excepturi. Vero rem tempora illo voluptatibus iste et veniam vel. Iure quod cumque sed eius ipsam. Fugiat excepturi est iure et quasi harum rerum.', 5, '2022-02-14 10:46:41', '2022-02-14 10:46:41'),
(16, 9, 'possimus', 'Quo a repudiandae dolores necessitatibus doloremque delectus. Ut ea dolores qui et vero hic ea. Voluptatem ea aut perspiciatis doloribus non. Autem aut saepe iste voluptas impedit non.', 5, '2022-02-14 10:46:41', '2022-02-14 10:46:41'),
(17, 40, 'et', 'Ipsam explicabo esse dolores rerum. Voluptatem modi illo enim inventore vero rerum. Nam officia blanditiis cupiditate in. Enim numquam in asperiores.', 2, '2022-02-14 10:46:41', '2022-02-14 10:46:41'),
(18, 4, 'numquam', 'Ab doloribus necessitatibus alias consequatur architecto consequatur reiciendis. Qui itaque possimus aut autem deserunt. Officiis nemo id iure provident. Labore et reiciendis qui qui sit doloribus.', 5, '2022-02-14 10:46:41', '2022-02-14 10:46:41'),
(19, 36, 'expedita', 'Facere quia autem exercitationem occaecati sed quis. Voluptatum eos aut ducimus placeat facilis laboriosam quibusdam. Sit incidunt aliquam et est temporibus quia deleniti.', 1, '2022-02-14 10:46:41', '2022-02-14 10:46:41'),
(20, 50, 'voluptas', 'Odio porro quasi minus. Exercitationem non autem placeat veritatis voluptas quis magnam. Modi beatae omnis cum excepturi labore unde.', 3, '2022-02-14 10:46:41', '2022-02-14 10:46:41'),
(21, 50, 'vel', 'Corrupti nisi necessitatibus dolorem qui sint sit quia. Quis qui quia quia quo qui repellendus. Ut omnis quaerat facilis.', 1, '2022-02-14 10:46:41', '2022-02-14 10:46:41'),
(22, 50, 'sint', 'Eum et voluptatum nemo aut facere est. Temporibus impedit earum minima dolor unde. Necessitatibus sit maiores labore aliquam maiores et. Id dolor commodi libero tempore delectus.', 1, '2022-02-14 10:46:41', '2022-02-14 10:46:41'),
(23, 24, 'quaerat', 'Est in cum id deserunt. Aut explicabo autem quibusdam error id mollitia. Alias quia saepe doloribus culpa.', 3, '2022-02-14 10:46:41', '2022-02-14 10:46:41'),
(24, 19, 'doloribus', 'Corporis nisi voluptatem totam dolorum. Id nesciunt est sequi officia. Aliquid aut voluptatum aut dolorem. Aliquid quo magni tempora suscipit ea dicta.', 1, '2022-02-14 10:46:41', '2022-02-14 10:46:41'),
(25, 36, 'facere', 'Deserunt molestias iusto amet fuga et occaecati itaque. Omnis minus aspernatur non cupiditate asperiores sit velit. Asperiores vero et maxime consequuntur. Molestiae ut eum non quia voluptate quis minima.', 5, '2022-02-14 10:46:42', '2022-02-14 10:46:42'),
(26, 5, 'consequuntur', 'Voluptas qui ullam aut debitis in ipsam illo. Libero et vel inventore accusantium. Veritatis possimus ea repellat totam.', 1, '2022-02-14 10:46:42', '2022-02-14 10:46:42'),
(27, 32, 'mollitia', 'Vitae qui nesciunt sequi optio iure. Accusantium magni et qui asperiores explicabo ipsam quam rerum. Sed delectus exercitationem enim ut.', 3, '2022-02-14 10:46:42', '2022-02-14 10:46:42'),
(28, 38, 'aliquam', 'Molestiae provident ut ab deserunt ea. Vel rerum corrupti sunt iure eum ut.', 3, '2022-02-14 10:46:42', '2022-02-14 10:46:42'),
(29, 47, 'ducimus', 'Ab alias eos consequatur vel id. Hic qui quaerat pariatur quod quia. Voluptatibus ut non facilis.', 3, '2022-02-14 10:46:42', '2022-02-14 10:46:42'),
(30, 25, 'nisi', 'Rerum et excepturi eum architecto perspiciatis. Exercitationem rerum voluptas qui esse aliquam dicta. Omnis et quis id error dolores et laboriosam quasi.', 5, '2022-02-14 10:46:42', '2022-02-14 10:46:42'),
(32, 13, 'dolor', 'Ut corporis asperiores amet ducimus impedit eligendi. Voluptates natus consectetur sapiente placeat aperiam odit error. Quo perferendis voluptates officia. Voluptas perspiciatis ut magnam non. Nihil error omnis quae qui quia.', 5, '2022-02-14 10:46:42', '2022-02-14 10:46:42'),
(33, 15, 'praesentium', 'Praesentium dicta eos tenetur dolorem ducimus et delectus. Excepturi et quisquam laudantium minima.', 3, '2022-02-14 10:46:42', '2022-02-14 10:46:42'),
(34, 46, 'non', 'Aut hic voluptatum in placeat voluptates harum voluptatem tenetur. Eligendi perspiciatis consequatur sit dolores. Eos enim libero ut animi. Voluptate hic impedit sit nesciunt.', 5, '2022-02-14 10:46:42', '2022-02-14 10:46:42'),
(35, 27, 'nostrum', 'Non rerum repellat sed placeat. Assumenda mollitia rerum iure nam. Aut aliquam magni est id.', 1, '2022-02-14 10:46:42', '2022-02-14 10:46:42'),
(36, 20, 'vel', 'Voluptatem et nobis consequuntur dolores esse praesentium dignissimos. Provident corrupti adipisci veritatis dolore ullam qui.', 1, '2022-02-14 10:46:43', '2022-02-14 10:46:43'),
(37, 33, 'dignissimos', 'Vel cumque eum nulla architecto suscipit. Occaecati voluptate recusandae nostrum sunt.', 2, '2022-02-14 10:46:43', '2022-02-14 10:46:43'),
(38, 43, 'nam', 'Necessitatibus adipisci enim fuga fugit sunt debitis. Provident voluptatem sed tenetur nisi occaecati mollitia nihil sunt. Est aperiam qui nihil error.', 5, '2022-02-14 10:46:43', '2022-02-14 10:46:43'),
(39, 11, 'fugiat', 'Esse fugit nulla recusandae facere voluptatem rerum corporis. Animi ducimus est voluptate itaque ut eius. Occaecati incidunt vel earum est aliquam inventore id. Voluptas consequatur pariatur est vitae fuga non.', 1, '2022-02-14 10:46:43', '2022-02-14 10:46:43'),
(40, 40, 'et', 'Et hic sit molestiae. Nulla fugiat et libero quo amet ullam voluptatem. Voluptas harum doloremque consectetur maxime adipisci.', 5, '2022-02-14 10:46:43', '2022-02-14 10:46:43'),
(41, 26, 'hic', 'Laboriosam aut fugiat voluptatibus sunt dolorem molestias non natus. Minus libero non totam asperiores aut nobis. Fugiat alias inventore quis vel ab tempore.', 1, '2022-02-14 10:46:43', '2022-02-14 10:46:43'),
(42, 23, 'rerum', 'Minima cumque laboriosam amet non. Repellendus dignissimos aliquam vero velit veniam et deleniti ad. Ea hic ea nostrum sed doloremque in praesentium.', 2, '2022-02-14 10:46:43', '2022-02-14 10:46:43'),
(43, 4, 'animi', 'Non optio et repellendus ut facere quia dicta. Nobis est consequatur asperiores itaque quia. Dignissimos quam occaecati sequi sit quia. Qui totam veritatis illo voluptatem laboriosam.', 2, '2022-02-14 10:46:43', '2022-02-14 10:46:43'),
(44, 48, 'et', 'Qui fugiat delectus ea voluptate voluptatem doloribus. Consequatur voluptas illo eum quia veritatis.', 3, '2022-02-14 10:46:43', '2022-02-14 10:46:43'),
(45, 48, 'iure', 'Dolorem quidem animi doloribus saepe. Vel sit vel qui et in. Iure laborum ea dolores est magnam sit soluta a. Soluta eius deleniti at ratione ea magni.', 3, '2022-02-14 10:46:43', '2022-02-14 10:46:43'),
(46, 49, 'enim', 'Vitae aut magnam quibusdam magni suscipit eum. Tempora aperiam occaecati quia eum sint. Aut quia aut explicabo officiis tenetur odit modi quasi.', 1, '2022-02-14 10:46:43', '2022-02-14 10:46:43'),
(47, 9, 'ut', 'Repellendus animi quis eos perspiciatis assumenda repellendus. Aut rerum eligendi hic sint omnis omnis nobis. Aut quisquam voluptates amet quis omnis velit et. Ut quia autem natus tempora ullam beatae cumque. Beatae deleniti sint quos ipsum.', 3, '2022-02-14 10:46:43', '2022-02-14 10:46:43'),
(48, 35, 'temporibus', 'Quisquam qui alias voluptatem eum similique veniam debitis. Aut pariatur odio et magni. Eos et ut rerum neque libero.', 3, '2022-02-14 10:46:44', '2022-02-14 10:46:44'),
(49, 37, 'illum', 'Sapiente dolores officia praesentium impedit molestiae vel. Est consequatur molestiae repellendus quia accusamus. Reprehenderit id rerum quis odit et mollitia nemo. Debitis perspiciatis numquam libero eos.', 3, '2022-02-14 10:46:44', '2022-02-14 10:46:44'),
(50, 25, 'doloribus', 'Est neque in quod voluptatem atque quibusdam doloremque. Animi rerum odit reprehenderit odio dolorem ex. Molestias pariatur quae soluta.', 3, '2022-02-14 10:46:44', '2022-02-14 10:46:44'),
(51, 6, 'sit', 'Qui suscipit est perspiciatis. Eum modi earum vel minima ipsam et qui. Sed aperiam corporis rerum in. Veniam sunt sit occaecati ullam non recusandae laudantium sed.', 2, '2022-02-14 10:46:44', '2022-02-14 10:46:44'),
(52, 49, 'cupiditate', 'Nemo eveniet recusandae modi illum animi explicabo. Et aut voluptate sint rem sed quia. Sunt assumenda rerum aut est libero cum. Ea repudiandae deleniti eligendi sit.', 5, '2022-02-14 10:46:44', '2022-02-14 10:46:44'),
(53, 27, 'hic', 'Quae non impedit illo a quo. Animi enim fugit odio temporibus velit.', 3, '2022-02-14 10:46:44', '2022-02-14 10:46:44'),
(54, 4, 'perspiciatis', 'Dolores sit sunt dolore eos nostrum tempore placeat rerum. Nostrum culpa aliquid nam numquam suscipit autem. Rerum optio nulla ut et quibusdam qui facere. Officia dolorem sed numquam voluptate.', 4, '2022-02-14 10:46:44', '2022-02-14 10:46:44'),
(55, 41, 'perferendis', 'Et ut tempora non sapiente ut est qui doloribus. Minus veritatis consequuntur itaque expedita accusantium harum.', 5, '2022-02-14 10:46:44', '2022-02-14 10:46:44'),
(56, 30, 'consectetur', 'Nisi quo omnis ut est alias laboriosam. Laboriosam deleniti vitae eaque incidunt. Consectetur aliquam commodi modi et enim quia. Sint laudantium et pariatur nostrum mollitia provident.', 5, '2022-02-14 10:46:44', '2022-02-14 10:46:44'),
(57, 50, 'laudantium', 'Accusantium nesciunt in ut vel. Quos est iste tempora ut voluptas voluptatem.', 5, '2022-02-14 10:46:44', '2022-02-14 10:46:44'),
(58, 8, 'sit', 'Rerum et velit corrupti voluptate ut. Sit quia illo odit debitis nihil. Aspernatur reprehenderit eius a itaque quia nam doloremque. Eum quis ratione iure velit pariatur.', 2, '2022-02-14 10:46:44', '2022-02-14 10:46:44'),
(59, 23, 'dolorum', 'Qui eaque provident inventore sit error molestiae. In dolor reprehenderit hic deleniti sunt sapiente. Iusto perferendis in saepe illo vero. Et explicabo rerum occaecati aliquam aut quo.', 3, '2022-02-14 10:46:44', '2022-02-14 10:46:44'),
(60, 11, 'maxime', 'Rerum voluptate maxime ducimus. Et quo aut dicta voluptas aliquam. Et consequatur ea voluptatem ratione modi ut. Eveniet et voluptates praesentium et impedit odit quas.', 2, '2022-02-14 10:46:45', '2022-02-14 10:46:45'),
(61, 4, 'porro', 'Labore optio dolor amet error. Eaque aperiam aut occaecati sed id harum sed possimus. Autem ut totam odio explicabo dolor nulla sed. Similique adipisci sapiente sunt modi quas.', 3, '2022-02-14 10:46:45', '2022-02-14 10:46:45'),
(62, 1, 'voluptas', 'Sint provident distinctio rerum natus amet. Amet laboriosam eligendi ducimus saepe. Est itaque asperiores et nihil. Minima voluptatibus dolorem veniam qui ea est.', 3, '2022-02-14 10:46:45', '2022-02-14 10:46:45'),
(63, 33, 'perspiciatis', 'Sapiente voluptatibus aut neque consequatur maxime commodi quae. Dolore et quisquam esse quis nulla beatae est. Sint repellendus provident in nisi sit molestiae ea ipsam. Magni distinctio quisquam et rerum atque sequi architecto.', 4, '2022-02-14 10:46:45', '2022-02-14 10:46:45'),
(64, 42, 'quis', 'Hic sed praesentium voluptas provident harum ipsam et. Ut voluptatem quae officiis autem dignissimos.', 5, '2022-02-14 10:46:45', '2022-02-14 10:46:45'),
(65, 15, 'sit', 'Odit et illo hic odio consequuntur. Excepturi nisi ut laboriosam beatae sapiente eos quos aut. Molestias eos quia et tenetur eum. Ipsum cumque laboriosam voluptatem. Impedit ut beatae sit repellat iure quibusdam rerum unde.', 4, '2022-02-14 10:46:45', '2022-02-14 10:46:45'),
(66, 50, 'unde', 'At repudiandae natus dolor. Et et architecto cumque sit hic.', 4, '2022-02-14 10:46:45', '2022-02-14 10:46:45'),
(67, 32, 'quos', 'Asperiores consectetur odit porro enim error voluptas. Aut assumenda voluptates ut est ratione. Voluptas vel in dolorem assumenda id excepturi. Et magni qui alias magni mollitia at.', 4, '2022-02-14 10:46:45', '2022-02-14 10:46:45'),
(68, 25, 'quo', 'Sed beatae voluptatem maxime occaecati mollitia minima. Ipsum et assumenda quo voluptas aut accusantium animi. Nam dolore voluptatem fugiat distinctio architecto.', 4, '2022-02-14 10:46:45', '2022-02-14 10:46:45'),
(69, 36, 'fuga', 'Laborum minima porro error necessitatibus omnis sunt. Qui illo sunt laboriosam aut repudiandae vero praesentium totam. Repellat aperiam molestiae tempora sed. Qui harum et placeat amet vel.', 4, '2022-02-14 10:46:45', '2022-02-14 10:46:45'),
(70, 24, 'aliquid', 'Distinctio eum tempore eligendi laudantium fugit distinctio incidunt. In quia consequatur itaque a odit et excepturi deleniti. Qui nostrum vero rerum enim voluptatum maxime.', 4, '2022-02-14 10:46:45', '2022-02-14 10:46:45'),
(71, 5, 'soluta', 'Velit molestiae suscipit sunt ut blanditiis laudantium non. Facere quaerat dignissimos nobis impedit praesentium debitis ut explicabo. Atque delectus est quos consectetur.', 2, '2022-02-14 10:46:45', '2022-02-14 10:46:45'),
(72, 37, 'ipsam', 'Voluptatem sint voluptas libero debitis amet et sunt. Corporis distinctio et aut officiis doloremque. Perferendis velit nisi animi ipsa dolorem sint earum.', 5, '2022-02-14 10:46:46', '2022-02-14 10:46:46'),
(73, 31, 'natus', 'Omnis consequuntur minus explicabo laboriosam placeat fuga. Doloribus occaecati consequatur eveniet tenetur consectetur id rem. Sunt recusandae quibusdam similique adipisci nesciunt nisi repudiandae. Exercitationem officiis voluptates dolorem qui tempora necessitatibus repellat.', 4, '2022-02-14 10:46:46', '2022-02-14 10:46:46'),
(74, 5, 'nobis', 'Ut sint quidem eaque nulla. Et sit omnis minima dolores fugiat labore dolor.', 2, '2022-02-14 10:46:46', '2022-02-14 10:46:46'),
(75, 36, 'ut', 'Fugit id hic dicta qui est. Ab velit est dignissimos et. Vel sed qui et accusamus aperiam nihil expedita. Ratione velit sed omnis deserunt tempore incidunt et.', 1, '2022-02-14 10:46:46', '2022-02-14 10:46:46'),
(76, 5, 'necessitatibus', 'Doloribus a enim ut. Itaque autem ex nemo dolores excepturi autem corrupti. Deserunt iure quidem sit quaerat atque.', 4, '2022-02-14 10:46:46', '2022-02-14 10:46:46'),
(77, 33, 'ullam', 'Porro sequi qui qui. Beatae accusamus et occaecati facere id quia. Excepturi molestiae sit asperiores non laboriosam.', 5, '2022-02-14 10:46:46', '2022-02-14 10:46:46'),
(78, 16, 'omnis', 'Et quia voluptatem et eveniet aperiam alias id nisi. Reiciendis numquam explicabo aut dolore dolorem laborum. Dolore velit voluptatibus autem est laborum aspernatur culpa nisi.', 2, '2022-02-14 10:46:46', '2022-02-14 10:46:46'),
(79, 44, 'doloremque', 'Veniam ut vitae excepturi tempore. Accusantium possimus vel laudantium tempore dignissimos non. Aut sed iure non rerum architecto. Saepe ut debitis aut expedita sed facilis id quia.', 1, '2022-02-14 10:46:46', '2022-02-14 10:46:46'),
(80, 42, 'vero', 'Quod qui cumque omnis eum. Et reprehenderit iusto magni ut. Facere placeat maxime totam facilis magnam praesentium.', 5, '2022-02-14 10:46:46', '2022-02-14 10:46:46'),
(81, 7, 'pariatur', 'Necessitatibus qui omnis atque perspiciatis necessitatibus. A quia perspiciatis laudantium facilis eos amet exercitationem. Atque qui et molestiae dolorem qui eos soluta. Facere aspernatur illum qui et et voluptas aut.', 1, '2022-02-14 10:46:46', '2022-02-14 10:46:46'),
(82, 12, 'est', 'Suscipit consectetur aperiam doloremque incidunt qui est. Est qui dignissimos recusandae ex voluptas architecto et. Ex aut eaque eveniet consequatur.', 2, '2022-02-14 10:46:46', '2022-02-14 10:46:46'),
(83, 36, 'odit', 'Voluptatem aut aut voluptate est explicabo id earum provident. Voluptatum ut qui et tempora.', 3, '2022-02-14 10:46:47', '2022-02-14 10:46:47'),
(84, 27, 'aliquam', 'Exercitationem qui quibusdam ipsum et. Impedit explicabo exercitationem sit esse commodi. Quasi est id possimus eius ut. Suscipit cum sint nesciunt et.', 3, '2022-02-14 10:46:47', '2022-02-14 10:46:47'),
(85, 24, 'tenetur', 'Rerum et ipsam totam quis sint id porro. Consequatur delectus voluptatem autem non nobis. Quisquam praesentium ea unde voluptas ut quidem.', 4, '2022-02-14 10:46:47', '2022-02-14 10:46:47'),
(86, 50, 'rem', 'Culpa aut illo minima nesciunt exercitationem repellendus laborum autem. Incidunt qui voluptatibus autem omnis quisquam. Omnis nesciunt suscipit hic quia enim. Voluptatem aut id dicta.', 3, '2022-02-14 10:46:47', '2022-02-14 10:46:47'),
(87, 30, 'ex', 'Harum dolores libero et molestias dicta enim illum dolor. Deserunt eligendi illo autem praesentium voluptatem temporibus sapiente. Asperiores provident aut dignissimos impedit.', 1, '2022-02-14 10:46:47', '2022-02-14 10:46:47'),
(88, 31, 'possimus', 'Velit eaque atque omnis totam. Enim quibusdam et deserunt expedita quidem ab aliquam ea. Aut est illum doloribus omnis.', 5, '2022-02-14 10:46:47', '2022-02-14 10:46:47'),
(89, 10, 'qui', 'Iure sit dolores nostrum voluptas. Est molestiae sed adipisci qui aspernatur vel dolor. Animi facilis assumenda et voluptatem magnam corrupti et. Eius pariatur maiores doloribus consectetur natus dolorem.', 2, '2022-02-14 10:46:47', '2022-02-14 10:46:47'),
(90, 22, 'ut', 'Labore et at voluptatem ipsam qui quod laudantium molestias. Hic blanditiis eius aperiam assumenda at mollitia occaecati sit. Autem fugit est quisquam voluptatibus.', 1, '2022-02-14 10:46:47', '2022-02-14 10:46:47'),
(91, 35, 'culpa', 'Quo laborum facere et aliquam qui at aspernatur. Facere doloribus dolores qui voluptatum voluptas aut. Nostrum facilis ipsum ut aut sit amet.', 4, '2022-02-14 10:46:47', '2022-02-14 10:46:47'),
(92, 31, 'corrupti', 'Voluptatem facilis similique illo ducimus sed. Atque quibusdam quas velit aut voluptates beatae facere. Rerum distinctio quia deleniti.', 2, '2022-02-14 10:46:47', '2022-02-14 10:46:47'),
(93, 18, 'aut', 'Earum veniam quae aspernatur rerum. Et et est et nihil consequatur quasi. Dicta neque non soluta quis. Et nisi qui dolorem et cupiditate ut.', 1, '2022-02-14 10:46:47', '2022-02-14 10:46:47'),
(94, 19, 'sed', 'Ea cum vero dolorum suscipit dolor ea. Adipisci consequatur sit voluptatem accusamus non tempore. Provident beatae dolores earum explicabo aliquam at. Vitae eos vitae porro.', 3, '2022-02-14 10:46:47', '2022-02-14 10:46:47'),
(95, 47, 'occaecati', 'Rerum molestiae occaecati optio suscipit expedita. Nulla reprehenderit magni et fugit. Assumenda accusamus sed magnam qui.', 3, '2022-02-14 10:46:48', '2022-02-14 10:46:48'),
(96, 22, 'nemo', 'Ut tempora et fugit quaerat rerum quia ratione. Rem id nostrum itaque veritatis.', 4, '2022-02-14 10:46:48', '2022-02-14 10:46:48'),
(97, 27, 'temporibus', 'Qui et saepe neque eaque. Libero ut accusamus ut soluta. Hic est quas earum a temporibus quis. Est dolorum et eos qui dolor et.', 1, '2022-02-14 10:46:48', '2022-02-14 10:46:48'),
(98, 15, 'animi', 'Quod autem cupiditate voluptas et ratione quo rerum ullam. Doloribus iure harum voluptas facilis. Sint est impedit soluta similique porro architecto fugit. Omnis ipsa distinctio repellendus natus rerum corrupti quod.', 2, '2022-02-14 10:46:48', '2022-02-14 10:46:48'),
(99, 9, 'placeat', 'Impedit mollitia unde odio facilis quia mollitia vel. Rem vel esse voluptatem laboriosam. Aut omnis quisquam ex est et est sunt dolores. Illum voluptas et nihil aut aut est.', 1, '2022-02-14 10:46:48', '2022-02-14 10:46:48'),
(100, 3, 'delectus', 'Voluptatum repellat doloribus numquam cum nisi dolore est. Minus debitis cupiditate ea ipsam illum labore consequatur. Eius veniam aut rerum voluptatem officiis reprehenderit.', 3, '2022-02-14 10:46:48', '2022-02-14 10:46:48'),
(101, 27, 'expedita', 'Quod voluptatibus inventore eos maxime quaerat. Fuga ipsam molestiae ut quisquam. Enim occaecati exercitationem non magnam. Consequatur dolor delectus rerum esse quisquam. Qui earum cum id hic.', 1, '2022-02-14 10:46:48', '2022-02-14 10:46:48'),
(102, 28, 'porro', 'Nesciunt aperiam optio doloremque dolor sunt ullam architecto. Aliquid dolor doloremque mollitia impedit et sit rem autem. Rem nulla molestiae sint velit atque voluptatem. Similique quis voluptatum odit dolor reiciendis rerum veniam.', 4, '2022-02-14 10:46:48', '2022-02-14 10:46:48'),
(103, 32, 'et', 'Aspernatur nihil recusandae non ducimus. Voluptas non expedita illo aut. Vel neque libero molestiae eos. Maiores aut voluptas dicta voluptatem ipsam. Debitis eius veniam enim nam reiciendis delectus blanditiis.', 3, '2022-02-14 10:46:49', '2022-02-14 10:46:49'),
(104, 5, 'laboriosam', 'Quam excepturi officiis placeat quo nam et. Quia est harum ipsum quas. Quia et vel sed tenetur magnam. Error corporis et animi.', 2, '2022-02-14 10:46:49', '2022-02-14 10:46:49'),
(105, 49, 'ut', 'Omnis autem ut adipisci in quia reprehenderit. Recusandae quam necessitatibus impedit fuga quam beatae et quos. Quos dolore eos et eum eum maiores nostrum unde.', 5, '2022-02-14 10:46:49', '2022-02-14 10:46:49'),
(106, 36, 'quasi', 'Quos quis tenetur et. Unde voluptatem quia et. Error accusantium quibusdam ipsa soluta libero quo.', 4, '2022-02-14 10:46:49', '2022-02-14 10:46:49'),
(107, 40, 'quis', 'Quas velit autem dolor. Sequi itaque reprehenderit similique corrupti amet. Magnam vel blanditiis odit et. Quis temporibus molestias vel maxime et.', 2, '2022-02-14 10:46:49', '2022-02-14 10:46:49'),
(108, 13, 'distinctio', 'Minus blanditiis non quisquam doloremque doloremque. Praesentium consequatur explicabo officiis. Hic sit quo quis totam dignissimos. Vel quia eveniet fuga aut laudantium laboriosam quaerat.', 5, '2022-02-14 10:46:49', '2022-02-14 10:46:49'),
(109, 18, 'amet', 'Qui ipsa corporis quo eligendi sed at dolores officiis. Ducimus deleniti aspernatur non incidunt eveniet minus perspiciatis dolorem. Corrupti quia saepe corrupti laborum aut recusandae aut et.', 5, '2022-02-14 10:46:49', '2022-02-14 10:46:49'),
(110, 29, 'sit', 'A nulla dolorem dignissimos nulla. Odio optio est nihil aliquid aut doloribus odio. Nihil porro aperiam mollitia ab.', 2, '2022-02-14 10:46:50', '2022-02-14 10:46:50'),
(111, 47, 'temporibus', 'Rem maxime eum tenetur quia enim eos. Assumenda aut dolorem omnis nisi sunt. Sed sit sapiente harum fugit et aut eos eius. Itaque recusandae similique voluptatem. Nihil fugiat cumque accusamus illo enim.', 5, '2022-02-14 10:46:50', '2022-02-14 10:46:50'),
(112, 13, 'perspiciatis', 'Odio omnis dolores dolores officiis laborum magnam. Illum est cumque quam est minus. Et est alias tempore sed. Et molestias illo explicabo in odit.', 4, '2022-02-14 10:46:50', '2022-02-14 10:46:50'),
(113, 44, 'quasi', 'Enim neque aliquid sed dolorum quibusdam ratione. Qui sapiente hic et sunt. Et non et dolorem officiis. Velit molestiae provident itaque et pariatur.', 4, '2022-02-14 10:46:50', '2022-02-14 10:46:50'),
(114, 43, 'praesentium', 'Officia repudiandae ut ab consequuntur. Eos necessitatibus eligendi laudantium. Ipsam nisi maxime ut nisi. Explicabo harum magni architecto cum hic sunt. Omnis magnam saepe facere odit quis.', 3, '2022-02-14 10:46:50', '2022-02-14 10:46:50'),
(115, 2, 'accusamus', 'Harum in facere in quam tempore et voluptatem. Voluptatum temporibus deleniti fugiat tempore tempora. Est repellat harum eaque nulla minima atque.', 1, '2022-02-14 10:46:50', '2022-02-14 10:46:50'),
(116, 37, 'et', 'Ut cum sapiente voluptatibus sed. Fugit recusandae veritatis quo impedit id non tenetur. Nesciunt aliquid dolores temporibus a ut veniam reprehenderit. Voluptatem velit sit est dolorem reprehenderit et.', 5, '2022-02-14 10:46:51', '2022-02-14 10:46:51'),
(117, 15, 'perspiciatis', 'Facere nam commodi omnis itaque. At debitis rem enim totam corporis vitae nemo quo. Architecto repudiandae enim omnis est sequi accusamus earum blanditiis.', 2, '2022-02-14 10:46:51', '2022-02-14 10:46:51'),
(118, 26, 'aut', 'Illo vel odit eius. At quis consequatur beatae iusto. Est consequuntur sunt molestiae dignissimos non quibusdam.', 2, '2022-02-14 10:46:51', '2022-02-14 10:46:51'),
(119, 1, 'magni', 'Earum dolor blanditiis omnis libero. Rerum placeat sint eum provident quia. Magni reiciendis qui eveniet. Exercitationem numquam velit nisi qui suscipit officia natus.', 3, '2022-02-14 10:46:51', '2022-02-14 10:46:51'),
(120, 48, 'eaque', 'Molestiae earum sunt nemo officia laborum. Voluptatem ab velit quo iure quae ullam et. Labore dolorum illum eligendi enim delectus labore.', 2, '2022-02-14 10:46:51', '2022-02-14 10:46:51'),
(121, 48, 'distinctio', 'Tenetur enim rerum at consequatur soluta. Reprehenderit non quia sunt doloremque. Dolor ut amet esse vel libero.', 4, '2022-02-14 10:46:51', '2022-02-14 10:46:51'),
(122, 13, 'asperiores', 'Consequatur officiis totam officiis vel qui eligendi velit accusantium. Eaque molestiae qui iste voluptates nobis saepe necessitatibus eius. Magnam commodi ab incidunt.', 1, '2022-02-14 10:46:51', '2022-02-14 10:46:51'),
(123, 19, 'quaerat', 'Eum eveniet quis illo occaecati eligendi molestiae nisi dignissimos. Velit enim itaque beatae autem. Eligendi nulla aperiam alias recusandae molestiae quam. Aut architecto placeat architecto minima ipsa. Ad est dolorem eaque doloremque eaque recusandae.', 1, '2022-02-14 10:46:51', '2022-02-14 10:46:51'),
(124, 12, 'sit', 'Sit eligendi et dolore est magnam dolor perspiciatis mollitia. Nihil consequatur ut distinctio nihil et maiores nihil molestiae.', 5, '2022-02-14 10:46:52', '2022-02-14 10:46:52'),
(125, 46, 'temporibus', 'Facere est facilis nihil fuga dolorem. Nobis placeat tenetur asperiores iste deserunt possimus quia ut.', 2, '2022-02-14 10:46:52', '2022-02-14 10:46:52'),
(126, 30, 'dicta', 'Beatae earum et et quaerat et voluptatibus. Eum nostrum fugit illo voluptates qui. Quisquam eius modi tenetur sed. Est et reiciendis dolores ut.', 1, '2022-02-14 10:46:52', '2022-02-14 10:46:52'),
(127, 36, 'architecto', 'Non autem mollitia sequi explicabo vel voluptates. Repellat illo totam itaque eum et. Quisquam et cum sint debitis sed assumenda veniam reprehenderit. Occaecati itaque quisquam et eaque iure id sed.', 2, '2022-02-14 10:46:52', '2022-02-14 10:46:52'),
(128, 6, 'deleniti', 'Praesentium voluptatem quos est facilis labore qui. Quos fuga sit aut qui. Enim ipsam neque consequatur fugit sint ipsum sequi.', 4, '2022-02-14 10:46:52', '2022-02-14 10:46:52'),
(129, 9, 'quia', 'Ipsam id perferendis cum qui minus quod quo. Ea est doloribus dolores sit. Ullam at cum rerum consectetur asperiores. Ullam consectetur ipsa voluptates sit sint quia.', 2, '2022-02-14 10:46:52', '2022-02-14 10:46:52'),
(130, 31, 'blanditiis', 'Qui praesentium perferendis autem itaque fugiat officiis ex assumenda. Nisi minus quos quas nisi. Sed veritatis numquam quae. Iusto corporis officiis et dignissimos voluptate dicta ratione.', 5, '2022-02-14 10:46:52', '2022-02-14 10:46:52'),
(131, 50, 'doloribus', 'Minima quisquam deserunt itaque id vitae illum. Nesciunt alias sequi maiores aut voluptatibus. Et sunt voluptatibus dolore et incidunt.', 1, '2022-02-14 10:46:52', '2022-02-14 10:46:52'),
(132, 26, 'est', 'Et non modi explicabo ipsum ducimus voluptas harum ratione. Qui culpa inventore esse esse. Beatae sit corporis quia tenetur aut qui autem.', 4, '2022-02-14 10:46:53', '2022-02-14 10:46:53'),
(133, 27, 'quia', 'Vel qui molestiae autem omnis aut. Perferendis dolor quo perspiciatis voluptatibus. Ducimus magni officiis odio. Ut tempora et dicta ut qui eos. Cupiditate non asperiores nesciunt veritatis.', 4, '2022-02-14 10:46:53', '2022-02-14 10:46:53'),
(134, 4, 'quo', 'Ut repellendus ipsam omnis quia ut maxime. Numquam ut molestias dolores expedita voluptas voluptatem. Omnis autem veritatis omnis aut ab sapiente aut.', 4, '2022-02-14 10:46:53', '2022-02-14 10:46:53'),
(135, 45, 'qui', 'Dicta autem facilis vitae cupiditate. Doloribus tenetur quidem est quis ab ut voluptatem. Quisquam dolorem mollitia vitae autem praesentium nobis. Assumenda atque debitis veniam cupiditate aut vel.', 1, '2022-02-14 10:46:53', '2022-02-14 10:46:53'),
(136, 13, 'sapiente', 'Rerum aperiam et qui magni necessitatibus fugit. Libero esse repellendus provident. Ratione earum labore rerum ducimus id eum.', 1, '2022-02-14 10:46:53', '2022-02-14 10:46:53'),
(137, 9, 'unde', 'Odio laudantium libero et impedit. Est sequi perspiciatis occaecati minus quo. Maiores voluptatibus et velit officiis veniam est.', 4, '2022-02-14 10:46:53', '2022-02-14 10:46:53'),
(138, 5, 'rem', 'Ut magnam quae accusantium magnam adipisci ab. Debitis harum omnis hic delectus. Rerum incidunt sed et omnis accusamus. Sapiente totam omnis quia sit.', 1, '2022-02-14 10:46:53', '2022-02-14 10:46:53'),
(139, 12, 'laboriosam', 'Fugit sunt rerum possimus unde. Vitae ut quibusdam impedit quod qui. Quia ab totam similique unde dicta dolorem tenetur. Dolore quisquam eligendi omnis dolores. Cumque vitae nobis eum impedit labore.', 5, '2022-02-14 10:46:54', '2022-02-14 10:46:54'),
(140, 8, 'nihil', 'Eos ad quaerat odit repellat eligendi totam. Aliquam id inventore maiores sint sunt eveniet adipisci. Doloremque earum labore doloribus deserunt. Eum ut voluptatibus et dolorem et necessitatibus.', 3, '2022-02-14 10:46:54', '2022-02-14 10:46:54'),
(141, 42, 'alias', 'Aliquid nam totam consequatur sed. Doloribus distinctio voluptates impedit distinctio. Rerum vitae id recusandae consequatur. Recusandae architecto optio atque ratione. Cumque vel qui quaerat fugiat nam dolor ad.', 1, '2022-02-14 10:46:54', '2022-02-14 10:46:54'),
(142, 26, 'dolores', 'Saepe consequuntur impedit et cumque tenetur quos qui. Saepe qui voluptatem mollitia ab. Hic aspernatur exercitationem nisi.', 5, '2022-02-14 10:46:54', '2022-02-14 10:46:54'),
(143, 34, 'voluptas', 'Accusantium corporis est et est. Animi sequi dolor neque ducimus voluptatem voluptas est voluptate.', 4, '2022-02-14 10:46:54', '2022-02-14 10:46:54'),
(144, 26, 'repellat', 'Rerum laboriosam voluptates exercitationem voluptas tempora quidem omnis aut. Explicabo cum ut impedit molestiae. Molestiae deleniti eius inventore vel maiores provident. Asperiores accusantium at voluptas minus. Praesentium occaecati architecto sint nisi labore sed.', 2, '2022-02-14 10:46:54', '2022-02-14 10:46:54'),
(145, 49, 'at', 'Quos ut aut reiciendis repellendus aliquam. Ut sed fuga ipsum. Non et delectus in quas rerum aut voluptas. Maxime qui natus autem et temporibus non debitis.', 5, '2022-02-14 10:46:54', '2022-02-14 10:46:54'),
(146, 25, 'est', 'Expedita temporibus repellendus at non quo magnam. Et aut error ut illum. Placeat quibusdam vel ex blanditiis. Ut officia quas repellendus animi.', 3, '2022-02-14 10:46:54', '2022-02-14 10:46:54'),
(147, 35, 'incidunt', 'Qui nulla quisquam officia architecto. Dolor cum magni veritatis modi inventore. Est consequuntur laborum iusto sed.', 4, '2022-02-14 10:46:55', '2022-02-14 10:46:55'),
(148, 37, 'quisquam', 'Omnis aliquid aut minima. Distinctio nostrum magni non quam qui. Aliquid cumque cupiditate aliquid nam. Necessitatibus laboriosam qui possimus at ut sequi.', 3, '2022-02-14 10:46:55', '2022-02-14 10:46:55'),
(149, 14, 'non', 'Qui rerum aut rem quo perferendis fugiat. Aut sed alias quasi dolor dolorem quam quod neque. Iste illum aut accusamus quia voluptas fuga.', 5, '2022-02-14 10:46:55', '2022-02-14 10:46:55'),
(150, 13, 'nemo', 'Eligendi est dolorum vel rerum accusamus eaque vitae. Aut laborum at numquam eum et. Incidunt non magni animi quidem sint et.', 1, '2022-02-14 10:46:55', '2022-02-14 10:46:55'),
(151, 31, 'ut', 'Laborum id quibusdam non minus et labore architecto autem. Voluptates rem porro fugit dolore impedit necessitatibus omnis. Eos nemo ut sunt culpa quia est. Ut ratione nobis eum dolor voluptatum.', 4, '2022-02-14 10:46:55', '2022-02-14 10:46:55'),
(152, 1, 'maxime', 'Perferendis architecto laborum modi aspernatur placeat eum. Voluptas aliquam sequi natus perspiciatis voluptas nam optio doloremque. Adipisci aperiam fugit saepe temporibus libero magnam ad. Dolorem dolorem dolorum dolores et.', 3, '2022-02-14 10:46:55', '2022-02-14 10:46:55'),
(153, 32, 'saepe', 'Vero nobis sunt sed magnam ut. Tempora deleniti consectetur molestiae vel harum. Sunt perspiciatis ipsa deserunt.', 4, '2022-02-14 10:46:55', '2022-02-14 10:46:55'),
(154, 10, 'corrupti', 'Sit quo tempore laudantium rerum id voluptas dolor delectus. Rerum praesentium reiciendis pariatur modi ipsum impedit.', 2, '2022-02-14 10:46:55', '2022-02-14 10:46:55'),
(155, 33, 'fuga', 'Aliquam rem nam est officia ut. Adipisci est esse ipsum magnam corporis placeat. Vel perferendis laborum repudiandae aut non enim natus.', 5, '2022-02-14 10:46:56', '2022-02-14 10:46:56'),
(156, 32, 'eum', 'Est non quaerat quae fugit voluptate deserunt voluptatem occaecati. Qui neque voluptatem perferendis dignissimos est illum. Omnis ad velit in est quis ducimus quod.', 2, '2022-02-14 10:46:56', '2022-02-14 10:46:56'),
(157, 32, 'ducimus', 'Voluptate repellat consequatur blanditiis dolore asperiores excepturi eligendi. Molestiae voluptas doloribus id tempore. Sint nihil ipsa labore omnis rerum eveniet. Porro dolor quisquam soluta delectus atque a provident.', 1, '2022-02-14 10:46:56', '2022-02-14 10:46:56'),
(158, 8, 'in', 'Ab odio facere illo ab ea dolores consequatur officia. Placeat et exercitationem ut ut. Repudiandae sed aliquam omnis ipsam. Facilis dolores voluptate inventore quo.', 1, '2022-02-14 10:46:56', '2022-02-14 10:46:56'),
(159, 41, 'quibusdam', 'Aut provident est quod voluptatem. Quia dicta esse voluptates sit. Et ut laboriosam vel. Magnam ex aliquam corrupti excepturi harum officiis distinctio placeat.', 4, '2022-02-14 10:46:56', '2022-02-14 10:46:56'),
(160, 24, 'voluptates', 'Aut dicta incidunt qui. Aut fugiat expedita maxime quas. Ut aperiam facere excepturi architecto.', 3, '2022-02-14 10:46:56', '2022-02-14 10:46:56'),
(161, 7, 'veniam', 'Eius sit nostrum praesentium reiciendis rerum amet fugiat. Quo nihil quia velit sed aperiam dolores cumque. Enim in dignissimos molestias nam nostrum consequuntur hic amet. Dolorem deleniti cupiditate placeat doloremque sed repellat earum. Animi harum rerum dolores qui.', 4, '2022-02-14 10:46:56', '2022-02-14 10:46:56'),
(162, 27, 'qui', 'Rerum voluptas et quo enim nihil. Sit occaecati omnis dolorem qui est. Accusantium cum deserunt deserunt earum voluptatem qui.', 3, '2022-02-14 10:46:56', '2022-02-14 10:46:56'),
(163, 16, 'tempore', 'Sint ad consequatur voluptatum rerum inventore. Velit distinctio beatae enim. Sequi ratione non necessitatibus. Rerum sit facilis similique ab accusamus. Dolor consequatur labore adipisci esse veniam.', 5, '2022-02-14 10:46:57', '2022-02-14 10:46:57'),
(164, 25, 'et', 'Aspernatur occaecati reiciendis ad quo sed in maxime. Exercitationem id quos magnam nesciunt. Dolorem rerum illum debitis unde molestiae qui architecto et. Impedit cupiditate aspernatur assumenda voluptas.', 4, '2022-02-14 10:46:57', '2022-02-14 10:46:57'),
(165, 27, 'laborum', 'Sed et voluptatem tempora quam est iusto. Molestiae rem incidunt aliquam iure provident. Iste voluptatem commodi ut sapiente itaque et et.', 2, '2022-02-14 10:46:57', '2022-02-14 10:46:57'),
(166, 39, 'iste', 'Nihil in architecto ut qui. Et ea omnis molestiae vitae. Corporis aliquid odit ut voluptatum perferendis.', 2, '2022-02-14 10:46:57', '2022-02-14 10:46:57'),
(167, 4, 'quod', 'Beatae dolores nihil ab dolor ea. Et nihil et at ab ex. Labore iure aut fugiat et atque ea eaque blanditiis.', 2, '2022-02-14 10:46:57', '2022-02-14 10:46:57'),
(168, 26, 'ex', 'Sint quia soluta aut. Neque voluptas rerum nihil itaque laboriosam. Est illo quis voluptate quae voluptates.', 2, '2022-02-14 10:46:57', '2022-02-14 10:46:57'),
(169, 24, 'aperiam', 'Magnam facilis dolorem corporis. Labore non inventore laborum sunt rem tempora. Occaecati aut sequi culpa et quaerat itaque perspiciatis. Quis enim cupiditate assumenda ullam sunt omnis nisi velit.', 5, '2022-02-14 10:46:57', '2022-02-14 10:46:57'),
(170, 7, 'quos', 'Quia quibusdam aspernatur occaecati magni dolorem ab. Aliquid praesentium pariatur non fugit reprehenderit debitis. Officiis sint aperiam aut quasi architecto et.', 1, '2022-02-14 10:46:57', '2022-02-14 10:46:57'),
(171, 30, 'culpa', 'Ut omnis saepe laborum consequatur itaque. Optio iste similique aliquid dolorem rerum tempore aut. Quia fuga quo natus perspiciatis velit vel est. Tenetur rerum nostrum occaecati culpa dicta id.', 1, '2022-02-14 10:46:57', '2022-02-14 10:46:57'),
(172, 27, 'provident', 'Quidem consectetur voluptatem quo voluptatem consequatur. Repudiandae quam iusto et. Pariatur voluptates aperiam voluptatem est voluptatibus quis dolorem.', 2, '2022-02-14 10:46:58', '2022-02-14 10:46:58'),
(173, 28, 'ab', 'Sapiente est aut amet veniam ex. Asperiores repellat illo nesciunt molestiae praesentium. Reprehenderit voluptatibus sit aut quasi ea.', 1, '2022-02-14 10:46:58', '2022-02-14 10:46:58'),
(174, 45, 'consectetur', 'Numquam laudantium velit dolores nihil. Veritatis ad voluptate molestias eius aut nulla. Molestias nihil sunt vero deleniti reprehenderit eum.', 5, '2022-02-14 10:46:58', '2022-02-14 10:46:58'),
(175, 20, 'alias', 'Porro quos corporis earum. Iusto inventore officia eum. Sint impedit tempora omnis dolores et dignissimos nostrum et.', 2, '2022-02-14 10:46:58', '2022-02-14 10:46:58'),
(176, 10, 'dicta', 'Aspernatur et sunt non amet quod doloremque distinctio. Sequi dolorem facere alias qui accusamus. Aspernatur et est distinctio soluta. Occaecati hic ut repellat consequatur sequi.', 1, '2022-02-14 10:46:58', '2022-02-14 10:46:58'),
(177, 2, 'accusantium', 'Ea expedita sunt nam rem dolores. Aut sit architecto est occaecati dolor minima. Est expedita est quaerat pariatur et et rem sapiente. Sunt assumenda illo cumque molestias cum esse veritatis.', 5, '2022-02-14 10:46:58', '2022-02-14 10:46:58'),
(178, 11, 'et', 'Animi animi dolore vero consectetur dolorem. Similique aliquid reprehenderit doloremque voluptatem et veniam. Et quis rem minus voluptatum velit in aperiam. Et et aut facilis ut beatae.', 4, '2022-02-14 10:46:58', '2022-02-14 10:46:58'),
(179, 50, 'ratione', 'Pariatur ea adipisci maxime architecto. Quo minus deserunt atque cumque. Labore ex quisquam enim iure eum.', 1, '2022-02-14 10:46:59', '2022-02-14 10:46:59'),
(180, 41, 'voluptatem', 'Dolor totam aspernatur enim sit necessitatibus eos sunt. Quas magnam est velit distinctio aut facere. Cupiditate deserunt excepturi autem minus. Quia id ea ipsam explicabo cum adipisci.', 5, '2022-02-14 10:46:59', '2022-02-14 10:46:59'),
(181, 50, 'explicabo', 'Molestiae adipisci maiores ipsa natus ea. Eos ipsam corporis excepturi saepe ea laborum consequuntur.', 2, '2022-02-14 10:46:59', '2022-02-14 10:46:59'),
(182, 12, 'aut', 'Occaecati et quasi sit iure consequatur eius ut. Accusamus et autem enim facere ratione dolore. Enim quae debitis maxime voluptatem amet ut quas. Eos est qui omnis quidem ea quos dignissimos mollitia.', 2, '2022-02-14 10:46:59', '2022-02-14 10:46:59'),
(183, 16, 'repudiandae', 'Impedit dicta minima quaerat dolores dicta perferendis. Dolor sit quo sint aut voluptatem. Cum ab sed culpa expedita voluptatem autem amet. Aut iste odit et aut.', 2, '2022-02-14 10:46:59', '2022-02-14 10:46:59'),
(184, 15, 'quasi', 'A culpa sit saepe delectus dolorem pariatur. Enim autem ut fugiat non. Quod beatae quibusdam sint necessitatibus dolorem hic. Quasi quibusdam rerum voluptatem qui assumenda accusantium.', 1, '2022-02-14 10:46:59', '2022-02-14 10:46:59'),
(185, 11, 'in', 'Cumque repellendus dolor quaerat dolor doloremque laborum. Magnam ex libero voluptatem qui. Voluptas ratione provident eveniet consequatur autem occaecati.', 2, '2022-02-14 10:46:59', '2022-02-14 10:46:59'),
(186, 28, 'perferendis', 'Qui dolorum doloremque cumque rerum perferendis in eos omnis. Reiciendis eius laboriosam similique perspiciatis voluptatem velit at. Velit qui sint ullam nulla porro qui. Aut ea sit dolores incidunt accusamus.', 3, '2022-02-14 10:46:59', '2022-02-14 10:46:59'),
(187, 6, 'at', 'Animi minima consectetur eaque accusamus. Quos aliquid quod nam recusandae velit aut. Corrupti aliquid aut illum ad voluptatibus.', 2, '2022-02-14 10:46:59', '2022-02-14 10:46:59'),
(188, 17, 'et', 'Possimus ut libero dicta quo esse asperiores non. Aut molestiae sed beatae dolores neque voluptas inventore. Architecto eum tenetur debitis ipsum. Sed voluptas pariatur ut illum autem.', 3, '2022-02-14 10:47:00', '2022-02-14 10:47:00'),
(189, 28, 'error', 'Commodi minus amet autem veritatis ut consequuntur quia. Debitis omnis cum non quam. Voluptas a quae sapiente architecto. Assumenda quaerat aperiam voluptatem qui magni. Ut quasi illo et voluptas quia non consectetur.', 4, '2022-02-14 10:47:00', '2022-02-14 10:47:00'),
(190, 18, 'similique', 'Consequatur voluptatibus suscipit non nemo. Quia omnis molestias aut expedita. Inventore nesciunt temporibus facilis recusandae tenetur delectus. Eos nisi eaque possimus enim eaque molestias iste sit.', 1, '2022-02-14 10:47:00', '2022-02-14 10:47:00'),
(191, 16, 'natus', 'Non tempore exercitationem est quis voluptatibus. Mollitia fuga quas culpa molestiae consectetur repellat. Facilis dolore non est dolorum tempora. Qui eum reiciendis consectetur dolor.', 4, '2022-02-14 10:47:00', '2022-02-14 10:47:00'),
(192, 12, 'optio', 'Ad veniam et quis enim aut. Quaerat voluptas facilis minima. Debitis voluptas ut dicta dignissimos iusto.', 1, '2022-02-14 10:47:00', '2022-02-14 10:47:00'),
(193, 26, 'accusamus', 'Et unde enim possimus. Deserunt ut dolorem ut et quod. Itaque saepe maiores rerum sunt est.', 3, '2022-02-14 10:47:00', '2022-02-14 10:47:00'),
(194, 31, 'beatae', 'Et velit quisquam reprehenderit hic. Quam facilis delectus voluptatem amet.', 3, '2022-02-14 10:47:01', '2022-02-14 10:47:01'),
(195, 32, 'omnis', 'Eius magnam quidem nobis neque vel maiores totam. Maxime magni velit dignissimos quia in voluptas omnis sed. Aliquid culpa impedit et aspernatur quod distinctio tenetur.', 2, '2022-02-14 10:47:01', '2022-02-14 10:47:01'),
(196, 46, 'eum', 'Porro ut impedit ut et iure. Et dolor eligendi sed nihil quaerat. Modi esse qui atque et rem.', 4, '2022-02-14 10:47:01', '2022-02-14 10:47:01'),
(197, 37, 'illo', 'Inventore veritatis assumenda alias doloremque ducimus. Rerum odio voluptatem occaecati ut non eos quia. Voluptate facilis aperiam assumenda minus et. Ex fugit esse sit distinctio itaque.', 2, '2022-02-14 10:47:01', '2022-02-14 10:47:01'),
(198, 13, 'sed', 'Autem est voluptas voluptates non est. Expedita asperiores animi quis necessitatibus. Rerum sit ipsam pariatur harum voluptas consequatur omnis. Explicabo dolore earum labore nemo. Itaque consectetur nihil eligendi et.', 3, '2022-02-14 10:47:01', '2022-02-14 10:47:01'),
(199, 4, 'dolor', 'Est fuga repellat officiis veniam dolores a. Et autem dolores quia doloremque fuga. Adipisci saepe blanditiis similique praesentium. At numquam cumque consectetur ex eaque.', 5, '2022-02-14 10:47:01', '2022-02-14 10:47:01'),
(200, 14, 'dolorem', 'Suscipit aut atque voluptas est quia. Tempore error qui unde. Vitae molestiae id sed non porro repudiandae. Provident sit explicabo repellendus quis.', 2, '2022-02-14 10:47:01', '2022-02-14 10:47:01'),
(201, 30, 'aperiam', 'Porro ut quisquam enim sit voluptatem. Sit excepturi accusantium quia. Unde ratione dolorum omnis autem. Sunt est et sit facilis illo.', 3, '2022-02-14 10:47:01', '2022-02-14 10:47:01'),
(202, 10, 'rem', 'Labore qui corrupti iure amet sint porro. Velit dolorum quasi labore placeat. Ratione quia dolor distinctio maiores.', 3, '2022-02-14 10:47:01', '2022-02-14 10:47:01'),
(203, 33, 'aut', 'Odit eaque iste possimus qui labore officiis culpa. Sit qui enim fugiat odio ut qui. Est incidunt fugit necessitatibus delectus sapiente perspiciatis. Sed aliquam temporibus quisquam quis. Excepturi vel doloribus eum sed voluptas.', 2, '2022-02-14 10:47:02', '2022-02-14 10:47:02'),
(204, 28, 'eos', 'Ea qui voluptatem magni corporis natus dolor asperiores. Qui voluptatem iure et voluptatum ut labore exercitationem. Earum deleniti voluptatem autem nostrum magnam sint. Cumque sed iure quia facilis provident.', 1, '2022-02-14 10:47:02', '2022-02-14 10:47:02'),
(205, 11, 'et', 'Est eum voluptatum aspernatur sint voluptas. Qui sed ut aut quia. Neque adipisci illum magnam eum est. Ullam quod ea in laboriosam voluptas autem.', 3, '2022-02-14 10:47:02', '2022-02-14 10:47:02'),
(206, 48, 'quas', 'Quo ratione assumenda cupiditate accusamus. Debitis natus corrupti nam molestias officiis voluptate veritatis. Hic laudantium hic ut corrupti. Ducimus ut aliquid at qui reprehenderit dolor repellat aspernatur.', 4, '2022-02-14 10:47:02', '2022-02-14 10:47:02'),
(207, 15, 'iure', 'Non quis temporibus veniam ducimus placeat magnam vitae. Temporibus quasi accusantium laborum laboriosam cumque ad. Impedit ipsum in expedita id cupiditate provident et.', 5, '2022-02-14 10:47:02', '2022-02-14 10:47:02'),
(208, 28, 'eaque', 'Debitis cumque deserunt temporibus blanditiis ut. Eaque dolor inventore consectetur est. Pariatur quia quos eos molestiae non similique accusantium. Aut voluptatibus sunt laborum qui.', 2, '2022-02-14 10:47:02', '2022-02-14 10:47:02'),
(209, 12, 'ducimus', 'In incidunt illum quia aut sit deserunt. Quo consectetur similique nemo in quaerat autem rerum. Quisquam sed dolores sunt sint a accusantium.', 2, '2022-02-14 10:47:02', '2022-02-14 10:47:02'),
(210, 43, 'ut', 'Rerum blanditiis accusantium quo ea et eum illo. Tempora ut aut neque earum sit. Consequatur numquam consequatur saepe repellat.', 2, '2022-02-14 10:47:03', '2022-02-14 10:47:03'),
(211, 26, 'quis', 'Molestiae iure est et ipsam ratione ipsam doloremque. Enim omnis omnis in consequuntur voluptatibus ut. Quasi et nemo voluptas omnis ipsam. Qui distinctio distinctio iure harum.', 5, '2022-02-14 10:47:03', '2022-02-14 10:47:03'),
(212, 31, 'alias', 'Distinctio ut nobis omnis molestias. Veritatis exercitationem quo ducimus velit qui.', 4, '2022-02-14 10:47:03', '2022-02-14 10:47:03'),
(213, 43, 'tempora', 'Amet nam similique non praesentium numquam minima. Quidem dolor iure qui sint dolorum. Ut ipsum autem non nihil sint. Ut perspiciatis incidunt culpa harum esse.', 5, '2022-02-14 10:47:03', '2022-02-14 10:47:03'),
(214, 49, 'omnis', 'Qui sed facere et voluptatem quam est ipsa. Facere eum non voluptatem quae impedit. Eligendi rerum sit animi veniam reiciendis.', 1, '2022-02-14 10:47:03', '2022-02-14 10:47:03'),
(215, 28, 'saepe', 'Sit iure repellendus ut ad. Aut ad quo neque animi rerum. Itaque hic quia qui optio magnam exercitationem sapiente. In similique dolor sequi ullam quis fugit. Incidunt dolorum recusandae distinctio voluptatum iure sit sit.', 1, '2022-02-14 10:47:03', '2022-02-14 10:47:03'),
(216, 31, 'aspernatur', 'Odit aperiam aut nemo quod similique perspiciatis. Rerum dignissimos in modi quo commodi velit. Est veritatis incidunt dolor est. Dolorum ratione aperiam pariatur recusandae quod eaque. Qui explicabo aspernatur voluptatem blanditiis beatae unde totam.', 2, '2022-02-14 10:47:03', '2022-02-14 10:47:03'),
(217, 16, 'dicta', 'Debitis architecto architecto veritatis commodi ab. Veritatis ut voluptatibus dolore consequatur natus incidunt earum. Qui itaque non doloremque et et suscipit. Nobis beatae qui sit sed voluptatum nam voluptatibus sint.', 3, '2022-02-14 10:47:03', '2022-02-14 10:47:03'),
(218, 2, 'aut', 'Accusantium quibusdam saepe ut commodi quo perferendis tenetur deleniti. Illo dolor rerum voluptatem aspernatur impedit aut. Facere voluptatem ullam occaecati omnis esse ipsa ratione. Et pariatur deleniti suscipit consequatur sunt. Ea non ea vel odit incidunt sint.', 2, '2022-02-14 10:47:04', '2022-02-14 10:47:04');
INSERT INTO `reviews` (`id`, `product_id`, `customer`, `review`, `star`, `created_at`, `updated_at`) VALUES
(219, 3, 'nihil', 'Et nihil quisquam voluptatibus tempora consequatur. Voluptas nulla enim eum minima. Sed nostrum commodi nobis rerum mollitia. A dolorum dolores sit aut laudantium autem.', 4, '2022-02-14 10:47:04', '2022-02-14 10:47:04'),
(220, 6, 'sunt', 'Molestiae libero accusantium culpa. Eum cum et eum nesciunt. Ut nesciunt id voluptate dignissimos voluptatem quia modi. Praesentium molestiae nisi neque.', 2, '2022-02-14 10:47:04', '2022-02-14 10:47:04'),
(221, 43, 'rerum', 'Maiores provident velit debitis dolores ex laboriosam impedit ab. Eaque ea eius quisquam. Et adipisci nihil harum cumque. Accusamus commodi iste et a eos. Ducimus et doloremque molestiae nostrum.', 1, '2022-02-14 10:47:04', '2022-02-14 10:47:04'),
(222, 39, 'rerum', 'Rerum voluptas officia a voluptates placeat ducimus expedita. Qui rerum fuga et architecto deleniti similique eum. Vel vel magni dolorem.', 1, '2022-02-14 10:47:04', '2022-02-14 10:47:04'),
(223, 9, 'qui', 'Excepturi labore magni dolore fugit explicabo vel mollitia. Aut sit optio velit quis similique. Sunt asperiores voluptatem officia voluptatem aut voluptatibus.', 1, '2022-02-14 10:47:04', '2022-02-14 10:47:04'),
(224, 46, 'voluptatem', 'Suscipit odit aut iure atque ad consectetur officiis. Aliquam voluptatem aut deserunt. Voluptas deleniti similique similique dignissimos id.', 3, '2022-02-14 10:47:04', '2022-02-14 10:47:04'),
(225, 13, 'laudantium', 'Incidunt fugiat et ut repellendus voluptatem necessitatibus harum. Aspernatur maxime est consequatur. Temporibus earum repellat voluptas nihil.', 5, '2022-02-14 10:47:04', '2022-02-14 10:47:04'),
(226, 38, 'ipsum', 'Voluptatem illo voluptatem mollitia eligendi. Unde aspernatur consequuntur tempora corrupti unde cumque animi. Velit odit est totam est. Vero eum voluptas aliquid placeat unde sint debitis.', 3, '2022-02-14 10:47:05', '2022-02-14 10:47:05'),
(227, 27, 'modi', 'Ut inventore eum nobis sed aut. Et et aut consequatur necessitatibus nesciunt ipsa. Voluptas quia porro voluptate ut.', 5, '2022-02-14 10:47:05', '2022-02-14 10:47:05'),
(228, 41, 'sed', 'Ut qui qui non non odit animi. Saepe id iusto non.', 3, '2022-02-14 10:47:05', '2022-02-14 10:47:05'),
(229, 47, 'blanditiis', 'Alias rem porro dolorem molestiae expedita voluptas. Et tenetur hic minima. Et velit aut dicta.', 1, '2022-02-14 10:47:05', '2022-02-14 10:47:05'),
(230, 9, 'dolorum', 'Nihil aspernatur ipsum necessitatibus culpa iusto dicta alias. Aut omnis placeat aut harum iste necessitatibus natus. In quidem ut quia deserunt itaque eos.', 2, '2022-02-14 10:47:05', '2022-02-14 10:47:05'),
(231, 48, 'sed', 'Consectetur veritatis et eum. Culpa illo ut quos expedita ut omnis quo. Eveniet dolore exercitationem aperiam sed incidunt et fugit. Excepturi ut dignissimos asperiores aut.', 2, '2022-02-14 10:47:05', '2022-02-14 10:47:05'),
(232, 46, 'laborum', 'Est quaerat voluptas distinctio iusto ab aspernatur. Porro ipsa et recusandae et vitae velit. Ipsam culpa nemo sed aliquid et rerum.', 5, '2022-02-14 10:47:06', '2022-02-14 10:47:06'),
(233, 5, 'perspiciatis', 'Ducimus consequatur quisquam nihil consequatur qui modi. Ad beatae eos nam et aspernatur optio. Facilis non id dignissimos molestiae saepe autem est.', 3, '2022-02-14 10:47:06', '2022-02-14 10:47:06'),
(234, 50, 'accusantium', 'Cupiditate magni quisquam iste qui. Quo consequatur et tenetur nulla provident et. Recusandae perferendis minima veritatis iste aut nostrum. Incidunt assumenda et fuga officia qui.', 2, '2022-02-14 10:47:06', '2022-02-14 10:47:06'),
(235, 25, 'qui', 'Suscipit incidunt aspernatur aperiam. Minus est odit reprehenderit inventore doloremque nihil recusandae. Consequatur vel officiis non ea quisquam libero error.', 5, '2022-02-14 10:47:06', '2022-02-14 10:47:06'),
(236, 30, 'non', 'Dicta voluptas nemo recusandae ea nemo. Veritatis ducimus vero aut unde. Nemo voluptas quae labore fugiat aut. Dolores nam qui alias et et amet dolorum.', 2, '2022-02-14 10:47:06', '2022-02-14 10:47:06'),
(237, 24, 'quam', 'Ipsa facere aut ut quis eos ea. Placeat esse est molestiae et. Ratione id neque ut a quia.', 2, '2022-02-14 10:47:06', '2022-02-14 10:47:06'),
(238, 39, 'molestiae', 'Et perspiciatis pariatur sint fugit. Ea vel esse iusto facere beatae nisi. Adipisci consequuntur aliquid et et.', 5, '2022-02-14 10:47:06', '2022-02-14 10:47:06'),
(239, 32, 'sint', 'Quis cupiditate dolorem est facere. Qui amet assumenda aut consectetur. Asperiores omnis vero quas magnam quae cum possimus iure. Placeat qui sint id qui ut sit eos nihil.', 4, '2022-02-14 10:47:07', '2022-02-14 10:47:07'),
(240, 41, 'blanditiis', 'Facere inventore voluptatibus aut quis accusamus est provident. Ipsam eos voluptate porro et. Et odit ratione est pariatur consequatur.', 3, '2022-02-14 10:47:07', '2022-02-14 10:47:07'),
(241, 32, 'vitae', 'Recusandae fuga corporis dolorem eius. Sapiente voluptatem nihil voluptate eligendi repellat quam. Dolor temporibus similique laborum itaque laboriosam nobis sapiente.', 1, '2022-02-14 10:47:07', '2022-02-14 10:47:07'),
(242, 39, 'dolor', 'Alias corporis exercitationem quo sed. Minima repellat praesentium tempora quia.', 1, '2022-02-14 10:47:07', '2022-02-14 10:47:07'),
(243, 14, 'sed', 'Laboriosam dolore dolorem et consequatur. Maxime nemo odit maxime veritatis id aspernatur sunt. Quibusdam aut non sit dolorum hic. Ab quis porro recusandae.', 1, '2022-02-14 10:47:07', '2022-02-14 10:47:07'),
(244, 27, 'sit', 'Consectetur quae enim alias alias nam. In quod unde cum ipsum ipsum. Qui et dolorem sunt libero voluptatem voluptates. Voluptatem amet est ipsam voluptatem. Blanditiis veritatis amet natus eaque ut nulla.', 3, '2022-02-14 10:47:07', '2022-02-14 10:47:07'),
(245, 36, 'et', 'Voluptates et eius quaerat explicabo qui doloribus distinctio. Eius eos voluptas quia architecto. Unde qui eius deserunt quia. Odit mollitia ut voluptatibus sed itaque ut qui ea. Sit vitae ad id voluptatum ab velit.', 2, '2022-02-14 10:47:07', '2022-02-14 10:47:07'),
(246, 24, 'quia', 'A voluptas sed nemo voluptatem nobis quia accusantium. Eveniet nostrum impedit iusto vel. Eveniet et esse rerum rerum facilis.', 5, '2022-02-14 10:47:08', '2022-02-14 10:47:08'),
(247, 26, 'et', 'Vel eius aut quam modi voluptas odit. Quae odio deserunt rerum in aspernatur aut. Eos aut iure veniam ipsam explicabo sequi voluptas.', 2, '2022-02-14 10:47:08', '2022-02-14 10:47:08'),
(248, 49, 'fuga', 'Eveniet vitae ipsam qui quisquam sapiente. Eius qui est fuga beatae beatae inventore cum itaque.', 2, '2022-02-14 10:47:08', '2022-02-14 10:47:08'),
(249, 8, 'maxime', 'Reprehenderit quaerat sint vero architecto dolores qui aut aperiam. Sit saepe non et id. Esse veritatis labore neque temporibus odio quibusdam.', 1, '2022-02-14 10:47:08', '2022-02-14 10:47:08'),
(250, 41, 'tenetur', 'Id aspernatur veritatis cum sunt debitis maiores quo. Eos eligendi consequatur libero numquam. Ut magnam omnis eveniet nam harum excepturi voluptatum.', 5, '2022-02-14 10:47:08', '2022-02-14 10:47:08'),
(251, 37, 'cumque', 'Doloribus quia eum quaerat. Nihil modi dolores fugit similique excepturi. Ut et voluptas accusantium ut rerum eum. Aliquam impedit qui at vitae libero.', 5, '2022-02-14 10:47:09', '2022-02-14 10:47:09'),
(252, 21, 'nobis', 'Eveniet aut praesentium odit. Veniam ut unde et cumque perferendis rerum placeat consequatur. Similique autem perspiciatis est et rerum. Quia sed placeat in quo possimus velit.', 2, '2022-02-14 10:47:09', '2022-02-14 10:47:09'),
(253, 47, 'accusamus', 'Voluptas id et omnis iusto alias qui dolores. Esse non veritatis vitae voluptas dolorem assumenda mollitia sit. Sunt at officiis nulla maxime ea ipsa dolorem. Molestiae quasi natus vel enim. Vitae rerum quibusdam rerum.', 2, '2022-02-14 10:47:09', '2022-02-14 10:47:09'),
(254, 39, 'consequatur', 'Sit tenetur commodi non qui. Animi qui excepturi quo veniam consequuntur. Est aperiam molestiae eaque voluptatem.', 3, '2022-02-14 10:47:09', '2022-02-14 10:47:09'),
(255, 14, 'dolorem', 'Temporibus qui nemo laudantium laudantium qui facere quo. Sint voluptatem maiores corrupti dignissimos qui recusandae inventore. Voluptatem saepe dolorem impedit error possimus adipisci autem.', 5, '2022-02-14 10:47:09', '2022-02-14 10:47:09'),
(256, 15, 'voluptatem', 'Officia aliquam error ullam laboriosam nemo ut aliquam veniam. Sunt ratione odio rerum et adipisci. Consectetur earum tempora maiores provident in sed at. Nihil iste numquam quae odio esse corrupti ab.', 1, '2022-02-14 10:47:09', '2022-02-14 10:47:09'),
(257, 40, 'ullam', 'Doloribus fuga qui et nobis. Voluptatem laboriosam laboriosam velit. Est necessitatibus quo possimus unde blanditiis quia.', 2, '2022-02-14 10:47:09', '2022-02-14 10:47:09'),
(258, 44, 'voluptas', 'Quia error officiis possimus aut. Repellendus doloribus sit vel odio. Ducimus voluptatibus voluptas asperiores et.', 5, '2022-02-14 10:47:09', '2022-02-14 10:47:09'),
(259, 22, 'sed', 'Quisquam vitae aut est sit voluptas et incidunt distinctio. Qui est sit molestias ipsum omnis nulla. Eum et quas laborum sit ullam. Qui qui officia facilis corrupti non in aperiam. Fuga officia eius libero.', 4, '2022-02-14 10:47:10', '2022-02-14 10:47:10'),
(260, 20, 'voluptates', 'Alias et minus repudiandae voluptatem quis reiciendis. Est unde cum veniam.', 1, '2022-02-14 10:47:10', '2022-02-14 10:47:10'),
(261, 5, 'optio', 'Ut ut vero eum qui. Esse qui sapiente et. Et laborum molestiae facilis autem totam voluptas.', 3, '2022-02-14 10:47:10', '2022-02-14 10:47:10'),
(262, 30, 'amet', 'Animi expedita numquam sit accusamus veritatis saepe eaque. Sit sed libero velit est. Laborum molestiae aut sequi vel explicabo dolores. Et porro maxime repudiandae est.', 5, '2022-02-14 10:47:10', '2022-02-14 10:47:10'),
(263, 25, 'labore', 'Vitae perspiciatis illo doloribus impedit odio alias. Esse voluptatum amet minus. Necessitatibus perspiciatis nemo et.', 2, '2022-02-14 10:47:10', '2022-02-14 10:47:10'),
(264, 13, 'et', 'Tempora voluptatem ipsum deserunt eum autem minus. Assumenda doloremque cumque voluptatem sit asperiores aut. Possimus porro dolorem accusamus maxime ea sint.', 5, '2022-02-14 10:47:10', '2022-02-14 10:47:10'),
(265, 36, 'autem', 'Praesentium officia iste recusandae temporibus qui earum aut. Velit vero modi non rerum necessitatibus rerum. Praesentium modi quia id voluptatem. Distinctio quaerat ex est.', 5, '2022-02-14 10:47:10', '2022-02-14 10:47:10'),
(266, 2, 'aliquam', 'Ab omnis magni iusto unde. Sunt voluptatum sit tenetur sit rerum libero. Necessitatibus architecto nulla fugiat ut velit ut enim sunt.', 2, '2022-02-14 10:47:10', '2022-02-14 10:47:10'),
(267, 40, 'velit', 'Mollitia culpa consequuntur ad omnis excepturi exercitationem delectus. Hic optio quo dicta dolorum fugit enim quod nostrum.', 5, '2022-02-14 10:47:11', '2022-02-14 10:47:11'),
(268, 2, 'sint', 'Nam voluptatem autem doloremque a sint. Non aut dolores et minima veniam suscipit. Debitis voluptatem aut amet et doloribus blanditiis vitae autem.', 1, '2022-02-14 10:47:11', '2022-02-14 10:47:11'),
(269, 19, 'eum', 'Eum ex et qui. Suscipit inventore omnis nostrum. Odio sapiente dolorum adipisci eos alias assumenda. Velit harum consequatur ea sed amet facere.', 2, '2022-02-14 10:47:11', '2022-02-14 10:47:11'),
(270, 42, 'aliquam', 'Aliquam sunt voluptatum quidem magnam. Ducimus ab explicabo consectetur voluptatibus. Pariatur non et et non soluta fuga explicabo nulla. Et ipsum debitis a quibusdam tempora.', 4, '2022-02-14 10:47:11', '2022-02-14 10:47:11'),
(271, 49, 'quam', 'Vel veniam commodi blanditiis quaerat nihil et. Qui dolore quaerat tempore quibusdam qui praesentium quisquam laboriosam. Necessitatibus omnis pariatur quia rerum quas similique.', 1, '2022-02-14 10:47:11', '2022-02-14 10:47:11'),
(272, 13, 'dolore', 'Unde numquam nisi dolores qui. Dolor quae aut officiis sed. Corrupti asperiores ut exercitationem et. Qui suscipit odio et velit sapiente debitis.', 2, '2022-02-14 10:47:11', '2022-02-14 10:47:11'),
(273, 13, 'veritatis', 'Quaerat blanditiis labore molestiae eos et ratione optio. Veniam ratione in qui aut veniam. Asperiores voluptates velit odit et. Rem sit ab sint aut alias.', 2, '2022-02-14 10:47:11', '2022-02-14 10:47:11'),
(274, 45, 'quo', 'Repellendus laudantium voluptatem quo voluptas. Aliquid quibusdam blanditiis temporibus. Aut aut voluptatibus reiciendis ad facere. Et rem est quia suscipit fuga magni. Quas qui nostrum earum necessitatibus.', 1, '2022-02-14 10:47:11', '2022-02-14 10:47:11'),
(275, 21, 'quidem', 'Sunt officiis sequi qui sed rerum pariatur. Quibusdam eveniet quia voluptas dolores repellendus rerum iusto. Dolorem nulla recusandae et omnis aspernatur.', 2, '2022-02-14 10:47:11', '2022-02-14 10:47:11'),
(276, 29, 'et', 'Et debitis id error unde blanditiis. Voluptatibus asperiores tempora doloremque est doloribus officiis distinctio. Provident voluptates sunt aut ex repellendus consequatur.', 5, '2022-02-14 10:47:12', '2022-02-14 10:47:12'),
(277, 40, 'cupiditate', 'Laborum consectetur sint tempore iure. Quidem eos beatae aut voluptates. Numquam ad quia pariatur.', 1, '2022-02-14 10:47:12', '2022-02-14 10:47:12'),
(278, 38, 'est', 'Et nisi nisi quidem veniam corporis cumque. Minima facere porro sint doloribus deserunt modi. Saepe magni itaque ea. Fugit nemo neque repudiandae iusto delectus.', 3, '2022-02-14 10:47:12', '2022-02-14 10:47:12'),
(279, 37, 'et', 'Eaque quaerat qui fuga quia. Fugit et doloribus est soluta fuga. Qui nihil aut id aspernatur est sequi. Adipisci id quia velit dicta ipsum. Sapiente autem nostrum molestiae consequatur.', 3, '2022-02-14 10:47:12', '2022-02-14 10:47:12'),
(280, 30, 'autem', 'Est dolores architecto hic natus cumque. Sint velit rerum debitis culpa. Qui necessitatibus commodi laudantium quas cumque.', 5, '2022-02-14 10:47:12', '2022-02-14 10:47:12'),
(281, 16, 'necessitatibus', 'Ut enim adipisci labore blanditiis nesciunt. Laudantium optio minima ut sit. Neque repellendus reprehenderit esse harum nesciunt. Placeat blanditiis dolorum in magni laborum expedita. Itaque quo eum et eligendi quasi.', 5, '2022-02-14 10:47:12', '2022-02-14 10:47:12'),
(282, 1, 'rerum', 'Perferendis ipsum neque est tenetur perspiciatis. Commodi qui molestiae nemo voluptas vel. Expedita nihil qui labore laboriosam mollitia.', 4, '2022-02-14 10:47:12', '2022-02-14 10:47:12'),
(283, 3, 'possimus', 'Repellendus molestiae quod et qui. Reprehenderit in deleniti suscipit nesciunt nemo. Aut officiis cumque fugit hic assumenda.', 3, '2022-02-14 10:47:12', '2022-02-14 10:47:12'),
(284, 21, 'voluptates', 'Distinctio quia ipsum velit et itaque blanditiis laudantium. Veritatis autem aut quis quo et. Aut ducimus tempora est praesentium explicabo fugiat cumque. Laboriosam quos aliquam totam sunt reiciendis.', 3, '2022-02-14 10:47:12', '2022-02-14 10:47:12'),
(285, 35, 'earum', 'Molestias qui eum laboriosam eos commodi sit. Optio et eaque ut. Ipsa sint architecto facilis ab.', 1, '2022-02-14 10:47:13', '2022-02-14 10:47:13'),
(286, 13, 'esse', 'Et et necessitatibus quod tenetur veniam ab. Reiciendis est in excepturi fugit sit quos earum. Laborum eveniet omnis quo nemo dicta. Deleniti doloremque excepturi inventore enim eum.', 3, '2022-02-14 10:47:13', '2022-02-14 10:47:13'),
(287, 3, 'ab', 'Ipsam error voluptatem debitis beatae et exercitationem veritatis. Quod ad porro aut labore explicabo necessitatibus amet. Non esse autem molestias est nobis omnis facilis.', 5, '2022-02-14 10:47:13', '2022-02-14 10:47:13'),
(288, 48, 'nostrum', 'Repellat qui tempora sequi repellendus velit itaque perferendis qui. Qui est praesentium deleniti nihil magni est totam tempora. Non aut similique neque. Impedit et expedita sunt officia.', 2, '2022-02-14 10:47:13', '2022-02-14 10:47:13'),
(289, 7, 'dolores', 'Quae sapiente eius expedita. Ipsam facilis voluptas est consequuntur asperiores facilis. Voluptas dolor illum numquam et neque ut ea repellat.', 5, '2022-02-14 10:47:13', '2022-02-14 10:47:13'),
(290, 32, 'cumque', 'Magnam veritatis illum corrupti dolor. Autem velit velit quo perspiciatis quis iusto. Hic aliquam debitis atque impedit at.', 3, '2022-02-14 10:47:13', '2022-02-14 10:47:13'),
(291, 31, 'veritatis', 'Sit optio sed dolorem est est sed in. Unde autem ab consequatur atque delectus. Quis nemo repellat eum rerum natus quae labore.', 5, '2022-02-14 10:47:13', '2022-02-14 10:47:13'),
(292, 21, 'voluptatem', 'Labore voluptates nisi esse soluta. Aut harum commodi vel dignissimos accusantium accusantium sequi. Quia amet animi est quia laboriosam ducimus. Voluptas odit suscipit praesentium dolorum est tempore.', 1, '2022-02-14 10:47:13', '2022-02-14 10:47:13'),
(293, 39, 'repellendus', 'Necessitatibus eum tenetur et voluptas. Sit sed totam qui quaerat dolores. Architecto ut impedit aut adipisci voluptatem saepe eaque. Earum dignissimos necessitatibus officia fugit.', 4, '2022-02-14 10:47:14', '2022-02-14 10:47:14'),
(294, 7, 'aspernatur', 'Sint mollitia aut harum odio itaque. Dolor velit excepturi eum ipsum id et. Nostrum et nemo voluptatum et.', 1, '2022-02-14 10:47:14', '2022-02-14 10:47:14'),
(295, 9, 'harum', 'Vel culpa et aut. Perspiciatis iure fugit eveniet adipisci. Ut quis neque iure eligendi quis eligendi eos. Deleniti est quod repellat impedit ad id.', 3, '2022-02-14 10:47:14', '2022-02-14 10:47:14'),
(296, 50, 'pariatur', 'Voluptatem sed asperiores et rerum. Ut et velit aliquam aut reprehenderit. Vitae inventore illo ipsa libero. Et et distinctio deleniti velit. Voluptas ab veritatis odit ut iure dolores reprehenderit.', 3, '2022-02-14 10:47:14', '2022-02-14 10:47:14'),
(297, 6, 'ea', 'Minus illo repellendus praesentium. Autem totam sit fuga nemo voluptatem voluptatibus. Ut eveniet dolor incidunt et temporibus ipsum et. Sapiente nihil sunt accusantium beatae deleniti.', 2, '2022-02-14 10:47:14', '2022-02-14 10:47:14'),
(298, 33, 'dolor', 'Reiciendis veniam unde autem et. Facilis pariatur corrupti esse nisi pariatur et. Alias ea id provident maiores expedita aliquid.', 5, '2022-02-14 10:47:14', '2022-02-14 10:47:14'),
(299, 13, 'eum', 'Molestiae a natus ab nam soluta. Quod esse atque officia. Neque adipisci suscipit sint. Pariatur corrupti tenetur enim neque nisi.', 5, '2022-02-14 10:47:14', '2022-02-14 10:47:14'),
(300, 22, 'officia', 'Quae quibusdam sapiente odit qui quae eaque quisquam. Doloribus deleniti id ut et a dolores. Sunt recusandae qui voluptas itaque. Qui laborum numquam maiores vel.', 3, '2022-02-14 10:47:14', '2022-02-14 10:47:14'),
(301, 28, 'dolorum', 'Quia praesentium nihil distinctio quo. Repellat quas quia sit. Ratione necessitatibus amet quia illum ducimus a consectetur. Eveniet aspernatur totam voluptatem qui exercitationem reprehenderit tempora eius.', 2, '2022-02-14 10:47:15', '2022-02-14 10:47:15'),
(302, 3, 'tenetur', 'Maxime et illo quas est neque. Officia repellendus id corrupti. Debitis consequatur quia ratione illo totam ut et.', 2, '2022-02-14 10:47:15', '2022-02-14 10:47:15'),
(303, 13, 'ipsum', 'Alias consequatur neque est animi. Eum officiis commodi minus ratione.', 5, '2022-02-14 10:47:15', '2022-02-14 10:47:15'),
(304, 42, 'sint', 'Eius delectus delectus nihil consectetur explicabo. Nostrum quasi et ullam ut saepe. Et aut aut vero in itaque sit consequuntur exercitationem.', 3, '2022-02-14 10:47:15', '2022-02-14 10:47:15'),
(305, 3, 'exercitationem', 'Deserunt totam iure reprehenderit eaque. Repellat est et dolores ipsa dolorem architecto impedit. Tempore sequi voluptate amet quasi.', 4, '2022-02-14 10:47:15', '2022-02-14 10:47:15'),
(306, 39, 'quasi', 'Ipsum expedita dolores ex placeat. Distinctio ipsam quam nam aut. Atque maiores harum adipisci et.', 3, '2022-02-14 10:47:15', '2022-02-14 10:47:15'),
(307, 2, 'labore', 'Voluptatem iusto error illo ipsum minus omnis. Vel distinctio sint sed dolores commodi similique consequuntur.', 2, '2022-02-14 10:47:15', '2022-02-14 10:47:15'),
(308, 38, 'et', 'In illo ipsum consectetur aut quod. Omnis doloremque enim dolor enim. Sunt assumenda illo praesentium quos. Labore temporibus blanditiis quasi est nihil et sed laudantium. Provident modi qui ea suscipit omnis.', 3, '2022-02-14 10:47:15', '2022-02-14 10:47:15'),
(309, 36, 'ut', 'Possimus quia quia enim earum id. Et aut minus quo similique itaque. Eos doloribus animi ut voluptas vel itaque id beatae. Et autem architecto sit quisquam quo itaque ut.', 2, '2022-02-14 10:47:15', '2022-02-14 10:47:15'),
(310, 9, 'et', 'Natus qui qui ducimus omnis perferendis voluptas quibusdam. Nihil et saepe voluptatem ipsum aliquam. Non sit consectetur eligendi omnis quam fugiat.', 3, '2022-02-14 10:47:16', '2022-02-14 10:47:16'),
(311, 15, 'asperiores', 'Vel dolor similique at quisquam sint accusamus debitis. Magni rerum culpa eius in incidunt nobis. Voluptate dolorum iure quos ad sunt hic quas. Qui dolores impedit nulla at consequatur et doloremque.', 2, '2022-02-14 10:47:16', '2022-02-14 10:47:16'),
(312, 42, 'ut', 'Dolores corporis dicta sunt perferendis repellendus aut laborum. Et dolores amet est sequi autem quas. Optio dolor ullam optio rerum consequatur repellendus.', 3, '2022-02-14 10:47:16', '2022-02-14 10:47:16'),
(313, 14, 'esse', 'Sed fuga dolorem deleniti et perferendis cumque. Voluptatum repellat qui soluta et suscipit magni temporibus. Quas qui nobis minima quibusdam aut.', 5, '2022-02-14 10:47:16', '2022-02-14 10:47:16'),
(314, 43, 'placeat', 'Consequatur fugiat ut quod minus dolore rerum magnam. Sit qui aut dignissimos. Et in perferendis eum sint aperiam ab enim. Nemo id itaque itaque facilis et ut sint id. Ab blanditiis facilis et dicta ea dolor.', 1, '2022-02-14 10:47:16', '2022-02-14 10:47:16'),
(315, 34, 'est', 'Corrupti tempora ea sapiente. Dignissimos fugiat quaerat fuga illum dolorem necessitatibus quis. Corporis et illum ut quibusdam in eos illum est.', 3, '2022-02-14 10:47:16', '2022-02-14 10:47:16'),
(316, 20, 'qui', 'Et alias minus rerum. In nesciunt ullam voluptatem esse eum ullam quas. Ab ipsa veritatis totam. Sit sint et quis iste et ad ducimus.', 4, '2022-02-14 10:47:16', '2022-02-14 10:47:16'),
(317, 45, 'nulla', 'Dolor aperiam id consequatur eius nulla. Quia consequatur veritatis consequatur fugit ea. Deserunt ut natus nisi provident voluptas voluptas quidem. Voluptatem veniam et at odio natus.', 5, '2022-02-14 10:47:16', '2022-02-14 10:47:16'),
(318, 9, 'qui', 'Quas maxime ut qui aspernatur. Commodi blanditiis ratione assumenda iste non. At eos molestiae consectetur et veritatis. Quis consequatur asperiores provident eius voluptatem.', 2, '2022-02-14 10:47:16', '2022-02-14 10:47:16'),
(319, 19, 'nisi', 'Odit accusamus saepe eius ratione doloremque delectus. Officiis maiores voluptatem qui laborum animi. Ex tenetur labore neque ea quia. Est repellendus quo est. Libero ea pariatur voluptate facere similique.', 4, '2022-02-14 10:47:17', '2022-02-14 10:47:17'),
(320, 21, 'dolor', 'Nostrum ullam dolores praesentium quis veniam molestias. Mollitia labore et voluptatibus sunt ipsum libero. Voluptatem illo explicabo debitis fugit in recusandae.', 2, '2022-02-14 10:47:17', '2022-02-14 10:47:17'),
(321, 30, 'sit', 'Ducimus incidunt fugiat officiis at dolore tempora. Pariatur ea reprehenderit id a aperiam et ut. Perspiciatis perferendis ut et commodi. Nemo rerum qui pariatur architecto ea delectus et.', 5, '2022-02-14 10:47:17', '2022-02-14 10:47:17'),
(322, 20, 'nulla', 'Quis pariatur atque ad quisquam quidem ut dolor culpa. Dolor fugit mollitia ipsa et consequatur omnis. Rerum sed fugiat molestiae ipsum eum velit mollitia labore. Consequatur voluptatem iure dicta quia dolore hic officiis.', 1, '2022-02-14 10:47:17', '2022-02-14 10:47:17'),
(323, 3, 'est', 'Beatae expedita quis tempore qui voluptas maxime. Vitae aut id veniam non recusandae reprehenderit enim. Repellendus enim omnis quasi id totam.', 4, '2022-02-14 10:47:17', '2022-02-14 10:47:17'),
(324, 5, 'sint', 'Sapiente dicta ut laudantium earum nemo officia explicabo. Dolores et quam sapiente unde quia quas est. Ea nostrum ut laboriosam velit culpa. Maiores nam corporis qui quaerat illo officia.', 1, '2022-02-14 10:47:17', '2022-02-14 10:47:17'),
(325, 30, 'est', 'Sit et officia magnam incidunt. Neque quos quis numquam et quae. Suscipit amet sint culpa unde. Laborum quo qui et dolor rerum dolores nisi.', 4, '2022-02-14 10:47:17', '2022-02-14 10:47:17'),
(326, 38, 'perspiciatis', 'Possimus magnam ea quia ut autem aut. Omnis tempore dolore numquam ipsum quo eos. Omnis iste consectetur officiis nulla omnis maxime. Sed rem voluptatem non qui.', 3, '2022-02-14 10:47:17', '2022-02-14 10:47:17'),
(327, 39, 'rerum', 'Dolore enim ut fugit sint perspiciatis. Error a ut fuga error voluptas quae sint. In aut non incidunt aut deleniti. Dolorum voluptas dolore omnis rerum quisquam repudiandae ipsum inventore.', 3, '2022-02-14 10:47:18', '2022-02-14 10:47:18'),
(328, 46, 'non', 'Quod unde aut blanditiis impedit. Ea autem suscipit qui et. Dolorem ea minus et sit dignissimos et qui. Rem laborum voluptate commodi veritatis omnis.', 2, '2022-02-14 10:47:18', '2022-02-14 10:47:18'),
(329, 16, 'natus', 'Repudiandae at est quibusdam dolor omnis accusantium et aperiam. Facilis eaque et eaque quisquam.', 1, '2022-02-14 10:47:18', '2022-02-14 10:47:18'),
(330, 6, 'esse', 'Expedita consequuntur fugit at. Quae praesentium ea consequuntur excepturi corporis. Distinctio cum enim quis aut maiores voluptates. Officiis dolor explicabo quibusdam hic.', 5, '2022-02-14 10:47:18', '2022-02-14 10:47:18'),
(331, 38, 'dolorem', 'Aut repudiandae voluptas sed odio. Nihil architecto illum aut deleniti illo officiis. Numquam quod qui necessitatibus consectetur velit sint. Aut vitae voluptatibus qui veritatis quis corporis.', 1, '2022-02-14 10:47:18', '2022-02-14 10:47:18'),
(332, 3, 'veritatis', 'Labore officiis dolore perferendis sint. Iusto et odit eum quis consequuntur consequatur culpa.', 4, '2022-02-14 10:47:18', '2022-02-14 10:47:18'),
(333, 50, 'voluptatem', 'Similique ea et nobis nam cumque. Unde deserunt voluptas quaerat facilis odio autem ut. Placeat delectus dolore in dolores eum minima ex.', 2, '2022-02-14 10:47:18', '2022-02-14 10:47:18'),
(334, 37, 'qui', 'Quo ut voluptatem beatae aut ipsam. Explicabo voluptas vel quibusdam aut molestiae aliquid. Doloribus soluta et quis rerum.', 5, '2022-02-14 10:47:19', '2022-02-14 10:47:19'),
(335, 23, 'dolores', 'Fuga et est reprehenderit soluta. Velit omnis quisquam nihil voluptate. Sit vel necessitatibus quidem voluptate. Ipsam nulla aspernatur et quas.', 1, '2022-02-14 10:47:19', '2022-02-14 10:47:19'),
(336, 3, 'voluptatem', 'Sed repellat optio voluptatem rerum. Et et in nulla et aut culpa nobis. Natus dolore culpa dolor nostrum distinctio laborum reiciendis. Distinctio ipsa sint incidunt sit accusantium. Ut consectetur dolor dolor velit quod fugit expedita optio.', 5, '2022-02-14 10:47:19', '2022-02-14 10:47:19'),
(337, 44, 'nam', 'Fugiat cumque itaque iure consectetur iure. Quia eaque molestiae eos et quae id. Accusamus quia velit mollitia inventore sit repellendus. Atque repellat eius aut quos. Maiores debitis sed tempora accusamus repellat voluptatem est.', 3, '2022-02-14 10:47:19', '2022-02-14 10:47:19'),
(338, 37, 'consequatur', 'Necessitatibus id qui sint ipsa dolores. Perferendis necessitatibus quia ex sit harum quaerat. Hic architecto nihil qui labore enim. Officia minima aut veniam voluptate.', 1, '2022-02-14 10:47:19', '2022-02-14 10:47:19'),
(339, 2, 'sunt', 'Omnis vel eius officia ea. Consequatur mollitia ea vitae cumque aut doloremque odio. Aut eos quia quaerat autem eos illo. Ipsam ut non voluptates debitis.', 3, '2022-02-14 10:47:19', '2022-02-14 10:47:19'),
(340, 37, 'vel', 'Quidem ut minus explicabo. Sit magni cumque aut natus. Ad tempora earum officiis consequatur.', 2, '2022-02-14 10:47:19', '2022-02-14 10:47:19'),
(341, 31, 'dolores', 'Exercitationem sapiente at in non corporis vel. Rerum animi voluptate molestias nobis sequi hic. Asperiores excepturi sint sit fuga non est hic quod. Ex suscipit iusto vero labore illum sint.', 5, '2022-02-14 10:47:19', '2022-02-14 10:47:19'),
(342, 13, 'rem', 'Voluptatem est aspernatur quis reprehenderit quia. Est porro omnis possimus animi enim illum distinctio. Aliquid culpa quibusdam distinctio eius recusandae rerum. Adipisci dolores aut cupiditate nostrum vero voluptate cupiditate.', 5, '2022-02-14 10:47:19', '2022-02-14 10:47:19'),
(343, 43, 'illo', 'Alias aut id ad odit voluptas voluptas iure. Aliquam qui officiis distinctio quia ut nulla. Cum omnis sunt harum unde cumque.', 4, '2022-02-14 10:47:20', '2022-02-14 10:47:20'),
(344, 46, 'tempore', 'Explicabo impedit voluptatem numquam eos sed. Enim maiores maiores aut mollitia omnis est ut est.', 2, '2022-02-14 10:47:20', '2022-02-14 10:47:20'),
(345, 41, 'qui', 'Eum nulla aliquam corrupti asperiores sunt exercitationem quo. Nihil quis error debitis natus harum. Praesentium et ipsam deserunt est. At et aperiam rerum vitae commodi consequatur tempora.', 4, '2022-02-14 10:47:20', '2022-02-14 10:47:20'),
(346, 34, 'sit', 'Non aut omnis laborum voluptatum pariatur amet. Quo perspiciatis neque cupiditate itaque iste. Non placeat eveniet voluptatem adipisci itaque ipsa ut.', 3, '2022-02-14 10:47:20', '2022-02-14 10:47:20'),
(347, 43, 'ipsum', 'Accusamus ipsa doloribus aut adipisci dolore corrupti. Suscipit ipsam mollitia eius illum. Qui aliquam eius atque itaque accusamus hic excepturi vel. Et ullam dolor harum quasi.', 3, '2022-02-14 10:47:20', '2022-02-14 10:47:20'),
(348, 27, 'aut', 'Est libero ad corporis autem tempora ex incidunt. Voluptas id similique dolorum illo a facilis illum. Praesentium atque sed nesciunt sed voluptas aut eligendi deleniti.', 2, '2022-02-14 10:47:20', '2022-02-14 10:47:20'),
(349, 34, 'quod', 'Aliquam consequatur suscipit nostrum dignissimos pariatur dignissimos modi. Esse quia sit voluptates. Recusandae dolores vel omnis dolor. Numquam iste qui sint reprehenderit.', 4, '2022-02-14 10:47:20', '2022-02-14 10:47:20'),
(350, 7, 'aut', 'Consectetur culpa qui excepturi sit libero sunt. In amet molestias et natus culpa dignissimos deleniti. Ipsa eligendi amet qui repellat.', 4, '2022-02-14 10:47:20', '2022-02-14 10:47:20'),
(351, 15, 'autem', 'Distinctio occaecati sed et voluptatibus. Et quod iusto esse exercitationem.', 1, '2022-02-14 10:47:20', '2022-02-14 10:47:20'),
(352, 38, 'debitis', 'Veniam molestiae neque veniam perferendis doloribus incidunt sunt. Vitae quia deleniti dolor facere.', 3, '2022-02-14 10:47:21', '2022-02-14 10:47:21'),
(353, 6, 'fugiat', 'Id illum atque veritatis repellat in saepe excepturi temporibus. Quo facere aut animi et repudiandae. Sit distinctio odit dolorem nemo laborum dicta sit.', 1, '2022-02-14 10:47:21', '2022-02-14 10:47:21'),
(354, 20, 'ducimus', 'Ut autem non et in rerum sit repellat. Sit mollitia qui ipsam veritatis voluptatem omnis reprehenderit. Dolorem est iure officiis deserunt ipsum fugiat.', 4, '2022-02-14 10:47:21', '2022-02-14 10:47:21'),
(355, 24, 'molestiae', 'Qui qui ipsum ex accusantium sit ab nulla. Natus ea minus tempore qui ex. Dolores dolores doloribus est saepe. Excepturi ut iure minus officiis tempora quasi et odio.', 5, '2022-02-14 10:47:21', '2022-02-14 10:47:21'),
(356, 38, 'officia', 'Et sapiente soluta ut. Enim consequuntur quo vitae suscipit recusandae. Voluptatum omnis iusto perferendis saepe.', 3, '2022-02-14 10:47:21', '2022-02-14 10:47:21'),
(357, 15, 'fugit', 'Ut doloremque aperiam aut dolorem id quidem. Animi rerum ullam consequuntur quam. Dolores dolore accusamus officia dolorem sed eius magnam.', 2, '2022-02-14 10:47:21', '2022-02-14 10:47:21'),
(358, 14, 'reiciendis', 'Quo beatae ipsam ipsam velit. Ex adipisci recusandae est atque. Facilis qui nihil quae dolore eos debitis qui. Ipsa in commodi est quam. Molestiae amet eos et odio laborum.', 3, '2022-02-14 10:47:21', '2022-02-14 10:47:21'),
(359, 21, 'porro', 'Nulla autem esse voluptatem omnis. Voluptatem aut consectetur voluptatum illum. Recusandae ad velit laboriosam doloribus exercitationem laudantium harum dicta.', 1, '2022-02-14 10:47:21', '2022-02-14 10:47:21'),
(360, 26, 'accusantium', 'Consequuntur quo nobis aut. Voluptatibus dolor ut eligendi deserunt.', 1, '2022-02-14 10:47:22', '2022-02-14 10:47:22'),
(361, 2, 'occaecati', 'Ab similique rerum quis omnis dolore. Omnis laudantium molestias enim voluptatem dolorum ab esse. Tenetur quod omnis amet rerum.', 4, '2022-02-14 10:47:22', '2022-02-14 10:47:22'),
(362, 47, 'dignissimos', 'Quia necessitatibus cum sequi autem quis qui non. Possimus eius ut dolore mollitia eligendi qui. Et voluptatem ratione quia.', 3, '2022-02-14 10:47:22', '2022-02-14 10:47:22'),
(363, 46, 'exercitationem', 'Laboriosam nulla in commodi quam. Ab rerum non voluptate ut tempore laboriosam. Laudantium libero ea enim eum necessitatibus eligendi debitis praesentium.', 1, '2022-02-14 10:47:22', '2022-02-14 10:47:22'),
(364, 7, 'eum', 'Nostrum qui voluptatem et sequi. Porro est et aut.', 4, '2022-02-14 10:47:22', '2022-02-14 10:47:22'),
(365, 12, 'debitis', 'Iste ut cum deleniti quia nobis velit delectus. Voluptatem quis odio non ea amet. Doloremque est aut voluptatem earum amet.', 3, '2022-02-14 10:47:22', '2022-02-14 10:47:22'),
(366, 9, 'ut', 'Commodi neque ratione perferendis et ea facere. Magnam architecto et corrupti veritatis. Quos dignissimos dolorum velit qui minus nihil praesentium.', 5, '2022-02-14 10:47:22', '2022-02-14 10:47:22'),
(367, 29, 'est', 'Ex fuga atque porro optio. Repudiandae officia velit quia ipsa laborum. Omnis voluptatem fuga fugiat consequatur harum ex. Repellat quia mollitia molestiae dolores consequatur molestiae reiciendis.', 1, '2022-02-14 10:47:23', '2022-02-14 10:47:23'),
(368, 38, 'voluptatum', 'Rerum asperiores sunt et accusantium dolore nostrum eum. Sit enim ex vitae sint. Porro et quibusdam velit. Dolorem vitae dolor aut ut tenetur qui.', 1, '2022-02-14 10:47:23', '2022-02-14 10:47:23'),
(369, 49, 'non', 'Excepturi quibusdam eos aut perferendis. At ratione occaecati praesentium nemo delectus qui ut quos. Non impedit rerum atque ratione suscipit.', 4, '2022-02-14 10:47:23', '2022-02-14 10:47:23'),
(370, 43, 'nulla', 'Quibusdam velit expedita provident qui est non. Voluptatem aut voluptatem voluptatem architecto rerum reiciendis blanditiis consequatur. Expedita placeat eligendi iste autem nihil dicta. Sit voluptatem voluptatem cum voluptatum tempore sunt.', 1, '2022-02-14 10:47:23', '2022-02-14 10:47:23'),
(371, 20, 'maxime', 'Aspernatur voluptas sunt facilis provident quam placeat. Dolorum quos eos delectus. Tenetur eaque dolor quia molestias deserunt ut odit.', 2, '2022-02-14 10:47:23', '2022-02-14 10:47:23'),
(372, 44, 'ut', 'Incidunt ut quis sequi cum sapiente. Cum maiores inventore dolorum aspernatur provident consectetur commodi aut. Quasi sit ut fugit.', 2, '2022-02-14 10:47:23', '2022-02-14 10:47:23'),
(373, 28, 'repellendus', 'Voluptatem libero voluptate eaque enim consequuntur. Quo voluptatem quis quo qui debitis debitis. Maiores aut accusamus suscipit earum rerum cupiditate. Iure aut voluptatem similique aut atque iusto alias.', 1, '2022-02-14 10:47:23', '2022-02-14 10:47:23'),
(374, 3, 'quibusdam', 'Sit omnis quia neque velit quae eum incidunt. In repellat eveniet laudantium accusamus pariatur sed. Voluptatum et fugit quidem totam et illo et. Delectus omnis maxime et aut. Voluptatibus non officiis cum sit nostrum beatae.', 3, '2022-02-14 10:47:23', '2022-02-14 10:47:23'),
(375, 13, 'molestiae', 'Quibusdam et eaque quas qui. Sapiente nostrum consequatur reprehenderit quidem qui. Fugiat quia odit ea unde necessitatibus quia.', 5, '2022-02-14 10:47:24', '2022-02-14 10:47:24'),
(376, 36, 'natus', 'Sed architecto ipsum voluptates. Explicabo minima labore soluta unde et ducimus mollitia. Dolorum rerum quisquam aspernatur qui quidem magni et. Velit eius autem saepe ratione.', 5, '2022-02-14 10:47:24', '2022-02-14 10:47:24'),
(377, 46, 'voluptas', 'Qui cum quia officia est temporibus odio. Inventore fugit unde rerum rerum dolor nesciunt hic. Maiores nemo sed sapiente hic. Eos voluptatem quasi quia rem qui ratione est.', 5, '2022-02-14 10:47:24', '2022-02-14 10:47:24'),
(378, 17, 'non', 'Amet et inventore quaerat autem expedita. Quam in est beatae at sed dolores. Blanditiis et et soluta aspernatur. Corrupti quia quisquam qui perspiciatis eveniet distinctio id.', 3, '2022-02-14 10:47:24', '2022-02-14 10:47:24'),
(379, 49, 'provident', 'Quis ipsam qui et maxime. Eos quo dolores quidem temporibus ex. Aut omnis sequi sit nostrum. Quia ex quisquam autem aperiam. Laudantium quasi ut esse nesciunt dignissimos pariatur.', 1, '2022-02-14 10:47:24', '2022-02-14 10:47:24'),
(380, 14, 'velit', 'Explicabo dolores animi eaque fugit numquam ut hic. Omnis est quo quibusdam omnis. Perferendis quaerat excepturi repellat. Quidem voluptas eos esse aspernatur quae.', 1, '2022-02-14 10:47:24', '2022-02-14 10:47:24'),
(381, 42, 'ipsam', 'Nesciunt repellendus et commodi. Aperiam et vero at perferendis est tempora. Deleniti veritatis explicabo quia natus sed aut magni. Veritatis cumque quis corrupti velit qui tempore.', 1, '2022-02-14 10:47:24', '2022-02-14 10:47:24'),
(382, 50, 'est', 'Et praesentium voluptates ullam. Iure modi repudiandae in consectetur ea aut ipsum. Sit quibusdam consequatur reprehenderit unde omnis a. Iure molestiae totam ut.', 2, '2022-02-14 10:47:24', '2022-02-14 10:47:24'),
(383, 6, 'tenetur', 'Et autem possimus necessitatibus qui deleniti alias ipsa. Doloremque quam minima quisquam non autem itaque. Qui natus perferendis vel vitae maiores libero.', 2, '2022-02-14 10:47:24', '2022-02-14 10:47:24'),
(384, 46, 'ut', 'Laboriosam voluptates minus aut maiores. Et odio sint nulla magni sapiente qui voluptas. Id fuga quisquam tempore eligendi quo et id.', 3, '2022-02-14 10:47:24', '2022-02-14 10:47:24'),
(385, 8, 'amet', 'Corporis omnis aut aut cum asperiores cum. Qui fugiat dolor quaerat cumque. Et reiciendis corporis alias et id necessitatibus est. Sequi dolorum est dolorum blanditiis voluptas tenetur modi incidunt.', 4, '2022-02-14 10:47:24', '2022-02-14 10:47:24'),
(386, 34, 'fugiat', 'Adipisci excepturi enim veniam facilis. Voluptas qui qui commodi sed totam. Aut pariatur fugit sed odio praesentium porro vero sint. Odit optio reprehenderit est et nihil et.', 2, '2022-02-14 10:47:25', '2022-02-14 10:47:25'),
(387, 24, 'quisquam', 'Praesentium aspernatur non aut et amet officia. Quisquam sit ad explicabo dolor exercitationem iure officiis mollitia. Accusamus et dolorum magni sed modi esse sequi nobis. Consequatur quia non distinctio quis.', 1, '2022-02-14 10:47:25', '2022-02-14 10:47:25'),
(388, 28, 'officia', 'Optio rerum sed neque minus voluptas. Voluptates magnam fugiat expedita odio optio. Error aut veritatis sequi sapiente. Iste sequi quia occaecati dolores.', 5, '2022-02-14 10:47:25', '2022-02-14 10:47:25'),
(389, 6, 'consequatur', 'Ad quis ut architecto dolores ullam earum. Sunt omnis iure nulla fugiat non.', 3, '2022-02-14 10:47:25', '2022-02-14 10:47:25'),
(390, 32, 'quis', 'Sequi enim molestiae et consequatur quos a. Voluptatem et deserunt quia sed quis. Aut et harum eos similique. Deserunt porro id provident ut recusandae nihil optio occaecati.', 2, '2022-02-14 10:47:25', '2022-02-14 10:47:25'),
(391, 34, 'vel', 'Modi mollitia cum officiis. Nesciunt et voluptates animi aliquid qui expedita. Maxime omnis quis dignissimos molestias.', 5, '2022-02-14 10:47:25', '2022-02-14 10:47:25'),
(392, 5, 'quasi', 'Non incidunt nam magnam dolorem. Est laborum aut explicabo reprehenderit. Sunt aut quia minima. Autem incidunt occaecati asperiores. Non voluptatem officia et corrupti.', 4, '2022-02-14 10:47:25', '2022-02-14 10:47:25'),
(393, 36, 'est', 'Perspiciatis accusantium rerum ut iusto provident aut quis nobis. Illo sed dolorum molestias libero provident vel. Saepe quasi voluptates dolores doloribus velit qui.', 2, '2022-02-14 10:47:25', '2022-02-14 10:47:25'),
(394, 50, 'laboriosam', 'Sit itaque aliquam eaque corporis ipsam corporis. Hic deserunt quo tempore ea pariatur architecto. Modi neque doloribus delectus omnis est consequuntur repellendus.', 1, '2022-02-14 10:47:26', '2022-02-14 10:47:26'),
(395, 6, 'illum', 'Aut vel vero sequi amet perspiciatis corporis et. Nihil laboriosam ea eos quo. Rem architecto enim cupiditate. Quo quo sed itaque illo.', 5, '2022-02-14 10:47:26', '2022-02-14 10:47:26'),
(396, 47, 'fuga', 'Repellendus culpa corrupti qui autem deserunt qui necessitatibus. Et mollitia quia esse deleniti eveniet. Ratione exercitationem fugiat et ut et repellat excepturi.', 3, '2022-02-14 10:47:26', '2022-02-14 10:47:26'),
(397, 20, 'quo', 'Libero qui numquam amet tempore officiis officia. Quos excepturi non ea eos cum suscipit error cum. Excepturi tempore cum ullam modi consectetur.', 5, '2022-02-14 10:47:26', '2022-02-14 10:47:26'),
(398, 22, 'quae', 'Quaerat sint aut consequatur eum eius. Et aspernatur asperiores a maxime. Repellendus at quos hic rem sit ut quaerat laudantium.', 2, '2022-02-14 10:47:26', '2022-02-14 10:47:26'),
(399, 4, 'aut', 'Aut dolorum accusamus pariatur et tenetur quod. Porro rem et ut labore distinctio. Aperiam omnis magnam sint voluptas. Aut est mollitia nostrum totam sit.', 1, '2022-02-14 10:47:26', '2022-02-14 10:47:26'),
(400, 42, 'nihil', 'Eaque aut reprehenderit non quo vitae sunt. Aut voluptas explicabo exercitationem ratione praesentium iste quo. Est quo non cupiditate nisi soluta. Tempore necessitatibus at facilis consequatur commodi quaerat. Aut labore est officiis sint.', 3, '2022-02-14 10:47:26', '2022-02-14 10:47:26'),
(401, 50, 'aut', 'Consequatur nostrum aut libero similique illum dolor qui. Et ipsum dolorum nisi placeat commodi suscipit voluptas. Dolorem ab voluptatibus quasi ex beatae architecto neque. Voluptas eveniet voluptas est non aut ea magnam dolor.', 3, '2022-02-14 10:47:26', '2022-02-14 10:47:26'),
(402, 41, 'consequatur', 'Assumenda ducimus incidunt quo optio. Dolorem similique sed praesentium explicabo maxime sit nam. Ex sed voluptatem labore. Blanditiis est harum quia ut eaque culpa.', 2, '2022-02-14 10:47:26', '2022-02-14 10:47:26'),
(403, 22, 'error', 'Voluptatem eos id tenetur. Laborum fugiat odit repudiandae. Tempore porro consequatur rerum ducimus ut.', 3, '2022-02-14 10:47:27', '2022-02-14 10:47:27'),
(404, 39, 'voluptas', 'Enim sint omnis magnam enim fuga quis rerum est. Reiciendis reprehenderit adipisci laudantium praesentium doloremque nemo nemo. Adipisci esse neque culpa excepturi. Consequatur quisquam sequi voluptatem recusandae consectetur quia sunt excepturi.', 1, '2022-02-14 10:47:27', '2022-02-14 10:47:27'),
(405, 14, 'iste', 'Natus blanditiis sed ex officiis cum. Sunt suscipit sit architecto voluptatem occaecati illo est. Deleniti labore voluptatum omnis nesciunt reprehenderit quisquam ut possimus. Eaque corporis quis et atque veniam quidem.', 3, '2022-02-14 10:47:27', '2022-02-14 10:47:27'),
(406, 48, 'blanditiis', 'Distinctio ut fugit necessitatibus dolor dicta incidunt sint tempora. Voluptatem minima vel officia voluptas. Dolorem consequatur fugiat voluptate officia non neque. Et consectetur in iusto voluptatem.', 5, '2022-02-14 10:47:27', '2022-02-14 10:47:27'),
(407, 24, 'explicabo', 'Amet magni voluptas voluptate alias eum aperiam dolores. Id rerum eveniet cum. Sit et officia et recusandae omnis nobis. Delectus veniam pariatur non sed. Corporis voluptate totam eum unde.', 5, '2022-02-14 10:47:27', '2022-02-14 10:47:27'),
(408, 20, 'voluptate', 'Et praesentium provident quam iusto provident animi. Non quasi nobis hic aut nemo illum deserunt autem. Fugit veritatis id doloremque deleniti maxime sed. Quia quia cumque commodi sed. A recusandae omnis quidem porro asperiores.', 3, '2022-02-14 10:47:27', '2022-02-14 10:47:27'),
(409, 35, 'et', 'Dolores assumenda necessitatibus in eligendi odio molestias. Ex dolor sint tenetur. Quibusdam modi magnam saepe voluptate qui ut incidunt. Ducimus sequi voluptatem ea vero voluptas amet.', 2, '2022-02-14 10:47:28', '2022-02-14 10:47:28'),
(410, 49, 'voluptate', 'A quaerat beatae neque maiores qui earum. Deserunt enim molestiae nihil voluptatem velit minima. Necessitatibus qui debitis consequatur tempora consequatur molestiae.', 3, '2022-02-14 10:47:28', '2022-02-14 10:47:28'),
(411, 37, 'provident', 'Vitae beatae ipsa maiores aliquam expedita. Et eaque illo non omnis excepturi tenetur non.', 5, '2022-02-14 10:47:28', '2022-02-14 10:47:28'),
(412, 16, 'enim', 'Labore reiciendis inventore animi sed eum cumque fugit. Consequatur illum voluptas maxime sed. Suscipit eum ab consequatur occaecati architecto.', 2, '2022-02-14 10:47:28', '2022-02-14 10:47:28'),
(413, 40, 'recusandae', 'Eveniet sunt placeat consequuntur rem ut laboriosam. Asperiores saepe molestias et autem voluptatem. Deleniti et sit non illum quo praesentium iusto. Omnis voluptatem voluptatibus reiciendis earum incidunt totam. Aspernatur modi sit sunt sint neque quae.', 3, '2022-02-14 10:47:28', '2022-02-14 10:47:28'),
(414, 16, 'adipisci', 'Recusandae iusto quaerat quia iure optio numquam. Ea aperiam impedit et doloremque consequatur recusandae. Facere illum sit reiciendis quos laborum earum ipsa architecto.', 3, '2022-02-14 10:47:28', '2022-02-14 10:47:28'),
(415, 22, 'et', 'Hic natus nobis aliquam laborum rerum fugit. Qui vel ut ut reiciendis. Laudantium nesciunt vero harum cupiditate delectus.', 1, '2022-02-14 10:47:28', '2022-02-14 10:47:28'),
(416, 41, 'sit', 'Reprehenderit in non illum saepe laboriosam sunt hic cum. Quo odit esse consequatur consequuntur dicta et minus eaque. Corporis repellat dolor recusandae. Perspiciatis et aut impedit qui quam expedita.', 5, '2022-02-14 10:47:28', '2022-02-14 10:47:28'),
(417, 31, 'libero', 'Est aut explicabo et ut dolor. Sit delectus quibusdam ratione adipisci. Magni suscipit vitae ea porro autem rem ducimus.', 1, '2022-02-14 10:47:28', '2022-02-14 10:47:28'),
(418, 26, 'necessitatibus', 'Omnis unde dolores earum incidunt minima aut. Ex quas assumenda omnis doloribus hic et qui.', 5, '2022-02-14 10:47:28', '2022-02-14 10:47:28'),
(419, 26, 'atque', 'Saepe minima in doloremque accusantium rerum unde. Quia dicta quis aut.', 1, '2022-02-14 10:47:28', '2022-02-14 10:47:28'),
(420, 26, 'illo', 'Vitae quibusdam maiores odio. Cumque accusantium omnis provident nesciunt consequatur sint. Ipsum harum et eos eveniet. Aut voluptas vitae similique aut earum optio.', 3, '2022-02-14 10:47:29', '2022-02-14 10:47:29'),
(421, 10, 'ea', 'Odio hic possimus omnis itaque quia sapiente. Illum officiis possimus sunt tempore consectetur quisquam. Molestiae iste veritatis et commodi quaerat. Laboriosam dicta perspiciatis sapiente esse.', 3, '2022-02-14 10:47:29', '2022-02-14 10:47:29'),
(422, 49, 'voluptatem', 'Earum et quod dolor distinctio vitae. Cupiditate molestiae officia voluptatem voluptatibus. Maiores similique officia qui nulla. Veniam facere expedita consequuntur voluptas explicabo commodi est.', 1, '2022-02-14 10:47:29', '2022-02-14 10:47:29'),
(423, 48, 'corrupti', 'Temporibus autem exercitationem repudiandae illo ex necessitatibus. Eligendi explicabo aut exercitationem nemo. Quia ut deleniti eos velit non.', 1, '2022-02-14 10:47:29', '2022-02-14 10:47:29'),
(424, 13, 'possimus', 'Minus libero odio eligendi impedit amet illum. Iusto non sed voluptas perferendis a. Eius fugit est adipisci fugiat tenetur. Assumenda quasi ex qui quaerat tempora dolor.', 4, '2022-02-14 10:47:29', '2022-02-14 10:47:29'),
(425, 36, 'sed', 'Suscipit nulla quia ratione repudiandae. Quasi nulla repellendus neque omnis blanditiis veritatis officiis. Esse dolorem non itaque fugit dolorum. Commodi rerum ex labore quia rerum et et.', 4, '2022-02-14 10:47:29', '2022-02-14 10:47:29'),
(426, 17, 'neque', 'Quasi et quia ut optio ab totam laborum. Impedit ut quod quas corporis minima. Repudiandae tempore natus earum ad sequi. Soluta dolore aut cum et distinctio in.', 2, '2022-02-14 10:47:29', '2022-02-14 10:47:29'),
(427, 3, 'voluptatibus', 'Odit tempore beatae sed asperiores sunt. Qui quos veniam rerum aut. Quae vel itaque pariatur nulla officia et. Fugiat autem nobis et et in.', 3, '2022-02-14 10:47:29', '2022-02-14 10:47:29'),
(428, 47, 'eligendi', 'Sint non sapiente quia. Doloribus blanditiis impedit et consectetur quas est rerum. Quod consequatur qui voluptate voluptatem.', 5, '2022-02-14 10:47:29', '2022-02-14 10:47:29'),
(429, 49, 'magnam', 'Quis odio est quis et. Voluptas sed reiciendis non alias voluptatibus quo aut.', 5, '2022-02-14 10:47:29', '2022-02-14 10:47:29'),
(430, 6, 'occaecati', 'Ab sunt ut in neque. Sed omnis earum nihil doloribus quasi aut. Occaecati qui at ullam rem repellendus numquam ipsam velit. Itaque omnis odio laboriosam nesciunt. Ad sapiente quia officiis illo sed illum facilis.', 2, '2022-02-14 10:47:30', '2022-02-14 10:47:30'),
(431, 8, 'sunt', 'Reiciendis quos earum qui sed quam. Corrupti illum quisquam fuga distinctio. Et expedita laboriosam neque cupiditate enim.', 4, '2022-02-14 10:47:30', '2022-02-14 10:47:30'),
(432, 30, 'voluptatem', 'Consectetur quasi ut facere porro. Iste tempore molestiae est eum. Eum minima facilis quisquam voluptatem. Qui enim qui sunt culpa provident.', 2, '2022-02-14 10:47:30', '2022-02-14 10:47:30'),
(433, 7, 'laudantium', 'Ducimus ab alias natus quidem dolore aut. Harum sint aut voluptatem fugiat quasi quo. Earum quia cupiditate molestiae saepe nulla fugiat officiis autem.', 5, '2022-02-14 10:47:30', '2022-02-14 10:47:30'),
(434, 36, 'ut', 'Sed magnam non et dicta voluptatem. Nam ut dolore soluta adipisci similique molestias.', 3, '2022-02-14 10:47:30', '2022-02-14 10:47:30'),
(435, 23, 'velit', 'Excepturi vero inventore odit unde nostrum eum est. Aut sunt molestias fugit sed sed eos nihil. Minima maxime minima suscipit.', 4, '2022-02-14 10:47:30', '2022-02-14 10:47:30'),
(436, 27, 'iure', 'Sequi voluptatem velit ea pariatur. Molestias iusto id iure qui.', 4, '2022-02-14 10:47:30', '2022-02-14 10:47:30'),
(437, 31, 'quia', 'Quibusdam consequatur numquam laborum et voluptas est. Qui molestiae omnis qui quisquam eos aut quae.', 5, '2022-02-14 10:47:30', '2022-02-14 10:47:30'),
(438, 7, 'eum', 'Nulla alias ut nisi culpa ut repellendus. Quia iste dignissimos totam cupiditate nisi placeat. Cum consequatur et ullam et. Et quibusdam nesciunt voluptates repudiandae.', 5, '2022-02-14 10:47:30', '2022-02-14 10:47:30');
INSERT INTO `reviews` (`id`, `product_id`, `customer`, `review`, `star`, `created_at`, `updated_at`) VALUES
(439, 18, 'earum', 'Earum et dolore aut quis dignissimos earum. Reprehenderit sed a tempore voluptatem officia odit. Ab ut non assumenda consequatur aut.', 1, '2022-02-14 10:47:30', '2022-02-14 10:47:30'),
(440, 19, 'et', 'Ea dolores cupiditate illum laborum rerum. Iusto voluptas totam odit et molestiae omnis. Quam maiores id voluptatibus voluptas amet.', 3, '2022-02-14 10:47:30', '2022-02-14 10:47:30'),
(441, 6, 'nobis', 'At laboriosam vel et consectetur rerum. Recusandae blanditiis qui animi quia nulla voluptates dolore. Provident itaque harum quae reprehenderit voluptatem maxime.', 1, '2022-02-14 10:47:31', '2022-02-14 10:47:31'),
(442, 1, 'debitis', 'Qui nobis voluptatem quaerat rerum. Corporis illum ut repellendus enim facilis odit. Saepe in officiis id nisi consectetur porro quibusdam.', 4, '2022-02-14 10:47:31', '2022-02-14 10:47:31'),
(443, 8, 'quo', 'Quaerat inventore et eius delectus et et accusamus. Quasi sunt aliquid quidem autem harum. Consequatur molestiae aut cum quo pariatur occaecati velit. Dolores occaecati totam sunt esse nihil aut qui. Aut ab et a debitis necessitatibus.', 1, '2022-02-14 10:47:31', '2022-02-14 10:47:31'),
(444, 1, 'quam', 'Et quas sed laudantium eos et inventore molestiae. Aut dolores odio officia eaque quo harum. Earum eum impedit perferendis nemo. Enim voluptate incidunt sint beatae voluptatum ratione.', 2, '2022-02-14 10:47:31', '2022-02-14 10:47:31'),
(445, 32, 'quia', 'Dolorum doloremque facere quod et fugiat. Ea id nobis consequatur eum asperiores. Sed veritatis illo architecto voluptate id sunt. Dicta labore voluptatem pariatur error.', 3, '2022-02-14 10:47:31', '2022-02-14 10:47:31'),
(446, 6, 'inventore', 'Ratione sint dignissimos optio dolore et quia cum ipsa. Minus nostrum quam doloribus quia. Ut sed officia dicta. Dignissimos quis unde corporis ratione omnis.', 5, '2022-02-14 10:47:31', '2022-02-14 10:47:31'),
(447, 50, 'est', 'Similique veritatis temporibus facilis neque dolorem nulla. Commodi cupiditate vel ut dolor nihil quae asperiores. Provident reprehenderit est necessitatibus est earum sequi. Corporis sint qui sit nam veniam aliquam veniam.', 1, '2022-02-14 10:47:31', '2022-02-14 10:47:31'),
(448, 49, 'excepturi', 'Sunt nam iure voluptatum qui autem cum commodi. Impedit repellat distinctio eos repellat odit repudiandae aliquid. Tempora consequatur quis in quibusdam. Exercitationem ut numquam dicta molestiae necessitatibus neque et incidunt.', 5, '2022-02-14 10:47:31', '2022-02-14 10:47:31'),
(449, 11, 'dolore', 'Provident quia porro consequatur et. Reprehenderit aut ab voluptas possimus. Nisi quis earum reiciendis consequatur molestiae corrupti.', 5, '2022-02-14 10:47:31', '2022-02-14 10:47:31'),
(450, 33, 'odit', 'Sit est expedita fugit. Doloribus facere quia harum molestias. Officiis accusamus placeat dolorem ab necessitatibus quae nesciunt.', 2, '2022-02-14 10:47:31', '2022-02-14 10:47:31'),
(451, 50, 'totam', 'Ad ut modi id. Deleniti facere consequatur iure accusamus. Minima dolor voluptatibus velit provident. Fugit modi eos officia ea dolorem excepturi maiores.', 3, '2022-02-14 10:47:32', '2022-02-14 10:47:32'),
(452, 16, 'itaque', 'Ut omnis aspernatur harum natus. Voluptas quo eligendi a. Error eaque voluptatem ipsam sit fugiat dolor aut. Ea est est at aut reprehenderit.', 3, '2022-02-14 10:47:32', '2022-02-14 10:47:32'),
(453, 35, 'ducimus', 'Officiis qui perferendis eaque sunt voluptatem rem. Exercitationem eos sequi et facilis ut sit minus. Ut sit occaecati quis optio quos doloribus.', 5, '2022-02-14 10:47:32', '2022-02-14 10:47:32'),
(454, 37, 'vero', 'Sapiente nemo hic eaque dolores mollitia deleniti. Iure in iusto excepturi excepturi similique. Eveniet velit cum ut eum rerum quo non.', 5, '2022-02-14 10:47:32', '2022-02-14 10:47:32'),
(455, 28, 'reprehenderit', 'Sequi nobis culpa et quis odio iste qui. Et odit natus tempore. Optio laboriosam repudiandae officia fugit.', 4, '2022-02-14 10:47:32', '2022-02-14 10:47:32'),
(456, 39, 'totam', 'Sed optio et aut. Alias sequi beatae illo ad voluptas quo. Ut asperiores omnis rerum.', 5, '2022-02-14 10:47:32', '2022-02-14 10:47:32'),
(457, 16, 'officia', 'Pariatur libero impedit cumque fuga ratione dolorem sapiente in. Cupiditate non omnis et sint. Ut dignissimos minus vel magnam.', 5, '2022-02-14 10:47:32', '2022-02-14 10:47:32'),
(458, 14, 'in', 'Ipsam qui aut dolorum ullam. Perferendis id sint ratione ullam doloremque explicabo. Qui ipsum fuga tempore atque beatae rem. Quas corrupti voluptatem ea quia.', 3, '2022-02-14 10:47:32', '2022-02-14 10:47:32'),
(459, 38, 'quia', 'Ea nemo sed magnam dolore quisquam dignissimos. Culpa ratione eveniet consectetur velit aut dignissimos ut. Ipsum reiciendis maxime amet ipsam ut eum.', 1, '2022-02-14 10:47:32', '2022-02-14 10:47:32'),
(460, 1, 'quos', 'Similique voluptas aspernatur dolorem at sit ducimus totam suscipit. Vitae minus eum molestiae quasi nemo. Delectus omnis qui sed animi voluptas sed quis.', 5, '2022-02-14 10:47:32', '2022-02-14 10:47:32'),
(461, 5, 'delectus', 'Voluptatem veritatis illo veritatis. Veniam et itaque vero dolore non vero. Qui saepe error nulla eos quia. In sit tempore fugiat animi blanditiis. Iure temporibus sed commodi molestiae aliquam.', 3, '2022-02-14 10:47:32', '2022-02-14 10:47:32'),
(462, 36, 'maiores', 'Veritatis corporis ipsam culpa ad ut. Earum placeat ea ipsum laborum et. Alias expedita sit quisquam. Explicabo recusandae quas excepturi veritatis placeat corporis ratione.', 2, '2022-02-14 10:47:33', '2022-02-14 10:47:33'),
(463, 9, 'quo', 'Nam unde ab repellat facilis magnam sit. Impedit officia ea ut nemo sint corrupti explicabo aliquid. Doloribus consectetur sit architecto aliquam. Aut quis ipsam vero expedita.', 3, '2022-02-14 10:47:33', '2022-02-14 10:47:33'),
(464, 13, 'dolor', 'Facere et quae eos praesentium veniam eius eaque praesentium. Nisi id pariatur et totam delectus eum cumque. Impedit possimus sapiente quia enim ullam explicabo sint.', 5, '2022-02-14 10:47:33', '2022-02-14 10:47:33'),
(465, 5, 'amet', 'Commodi quaerat molestiae earum aperiam. Est neque dolore sed ipsa. Recusandae sint ipsam inventore perferendis. Ab voluptatem tempora itaque impedit qui.', 2, '2022-02-14 10:47:33', '2022-02-14 10:47:33'),
(466, 40, 'non', 'Laborum omnis temporibus beatae consequatur ipsa et. Est sit doloribus pariatur eaque. Cumque dicta laudantium earum nihil ducimus. Cumque dolores aut et voluptas iste voluptas in minima.', 3, '2022-02-14 10:47:33', '2022-02-14 10:47:33'),
(467, 35, 'earum', 'Tempora minus rerum explicabo perspiciatis est sint maxime nobis. Distinctio sint quod aut aut. Sint deserunt nisi nam reprehenderit id et.', 2, '2022-02-14 10:47:33', '2022-02-14 10:47:33'),
(468, 34, 'at', 'Deserunt beatae enim et hic dolorum sint rem. Non quos mollitia modi. Ea et pariatur animi quia ipsam accusamus explicabo. Assumenda eaque quas repudiandae est.', 1, '2022-02-14 10:47:33', '2022-02-14 10:47:33'),
(469, 5, 'incidunt', 'Officiis consequuntur animi sit accusantium qui vitae. Iusto corrupti at soluta et nobis aut.', 5, '2022-02-14 10:47:33', '2022-02-14 10:47:33'),
(470, 10, 'et', 'Et consequatur suscipit amet molestiae veniam. Eius culpa sit nobis dicta inventore ut. Delectus voluptas deserunt nihil cum dolores nihil perferendis ad. Et rerum quia ut illo rerum dignissimos qui.', 2, '2022-02-14 10:47:33', '2022-02-14 10:47:33'),
(471, 1, 'rerum', 'Ut optio doloribus et ut harum consectetur. Aliquid quasi reprehenderit eaque voluptates ut placeat. Reiciendis non necessitatibus cumque sit ullam est delectus.', 2, '2022-02-14 10:47:34', '2022-02-14 10:47:34'),
(472, 15, 'et', 'Asperiores sunt suscipit optio sed quo excepturi non laborum. Sequi iure est ullam reprehenderit debitis nobis officiis qui. Animi facilis sequi mollitia hic a unde.', 4, '2022-02-14 10:47:34', '2022-02-14 10:47:34'),
(473, 39, 'qui', 'Libero eum delectus distinctio ratione. Quam quas beatae magnam iure. Harum vel asperiores incidunt voluptatibus cupiditate. Deleniti sint magnam voluptas aut ipsa voluptates nostrum similique.', 5, '2022-02-14 10:47:34', '2022-02-14 10:47:34'),
(474, 46, 'quisquam', 'Molestiae nihil dolorum error qui a voluptatem. Ut nulla quibusdam non modi. Nihil mollitia et qui voluptates. Fugiat modi mollitia velit cupiditate consequatur.', 5, '2022-02-14 10:47:34', '2022-02-14 10:47:34'),
(475, 46, 'distinctio', 'Qui dolore non ut. Voluptates ut expedita molestiae aspernatur tempore. Rerum alias doloremque omnis. Quasi a consequuntur laboriosam saepe sit.', 3, '2022-02-14 10:47:34', '2022-02-14 10:47:34'),
(476, 40, 'non', 'Doloribus in cupiditate numquam consectetur et veritatis odio magnam. Aut id quibusdam iste provident voluptas consequatur quia fugit. Possimus officiis quidem quia sit est esse aspernatur. Qui voluptatem sed et dolorem enim aliquid.', 2, '2022-02-14 10:47:34', '2022-02-14 10:47:34'),
(477, 44, 'in', 'Ut enim et consequatur autem illo tempore. Voluptatem laborum maxime suscipit consectetur veniam quibusdam. Praesentium perspiciatis aut molestiae et ut quos. Occaecati et eum officia quae facere tempora.', 3, '2022-02-14 10:47:34', '2022-02-14 10:47:34'),
(478, 24, 'pariatur', 'Quia libero libero enim dolor facilis labore fuga. Enim quos quae fugit. Quam et libero est qui modi dolor.', 5, '2022-02-14 10:47:34', '2022-02-14 10:47:34'),
(479, 50, 'ut', 'Deserunt est harum et distinctio corporis autem. Est ab commodi voluptates sed. Consectetur officiis expedita eos id qui.', 4, '2022-02-14 10:47:34', '2022-02-14 10:47:34'),
(480, 28, 'est', 'Quo quo facere facilis sed. Incidunt et aut repudiandae nesciunt odio laboriosam at. Accusantium provident repellendus repudiandae aliquid. Quos vitae et libero et qui.', 2, '2022-02-14 10:47:34', '2022-02-14 10:47:34'),
(481, 47, 'amet', 'Amet ratione blanditiis sapiente voluptate. Vel minima quia dicta. Velit occaecati tenetur laborum autem suscipit. Dicta accusantium dolor qui ut.', 3, '2022-02-14 10:47:35', '2022-02-14 10:47:35'),
(482, 17, 'nihil', 'Sed quisquam cum commodi officiis et repellendus. Voluptas natus qui modi et id. Quas vel libero ad quidem ea laboriosam. Voluptatibus voluptas reiciendis distinctio maiores.', 2, '2022-02-14 10:47:35', '2022-02-14 10:47:35'),
(483, 7, 'praesentium', 'Dolor ut temporibus ut unde eveniet. Voluptatum consequuntur dolore officiis provident reprehenderit magni maxime.', 3, '2022-02-14 10:47:35', '2022-02-14 10:47:35'),
(484, 24, 'nulla', 'Sit natus facere animi dolores et minima et eos. Rerum perspiciatis qui ex quia earum recusandae est quis. Qui occaecati odio omnis perferendis consequuntur et.', 1, '2022-02-14 10:47:35', '2022-02-14 10:47:35'),
(485, 31, 'error', 'Enim ad sit non qui. Voluptate aut voluptatem est et nam. Sunt recusandae aut quae et repudiandae quidem ipsa.', 2, '2022-02-14 10:47:35', '2022-02-14 10:47:35'),
(486, 20, 'aut', 'Deserunt aliquid qui accusamus sit nemo necessitatibus. Esse aut vitae impedit dolore omnis sed et ex. Aut inventore sed assumenda assumenda.', 3, '2022-02-14 10:47:35', '2022-02-14 10:47:35'),
(487, 50, 'totam', 'Recusandae distinctio accusamus et asperiores nihil. Earum tempore at qui rem. Similique consequuntur eius ab cumque sed. Consequatur accusantium sequi ut reiciendis. Quibusdam maxime officia iste consequatur aperiam qui aut.', 4, '2022-02-14 10:47:35', '2022-02-14 10:47:35'),
(488, 44, 'magnam', 'Est sed vel pariatur repellendus tempora. Sed atque quaerat nostrum. Non illum minima est sed consequuntur. Non temporibus velit quaerat cum.', 1, '2022-02-14 10:47:36', '2022-02-14 10:47:36'),
(489, 35, 'deleniti', 'Libero repellat dicta sed esse est quia temporibus. Veniam adipisci assumenda et perferendis illum. Recusandae amet non omnis voluptatem et recusandae sint sunt. Cum placeat eius et minima autem sed voluptatem ipsam. Voluptas impedit mollitia quia consequatur earum fugit.', 1, '2022-02-14 10:47:36', '2022-02-14 10:47:36'),
(490, 4, 'quae', 'Est omnis atque impedit necessitatibus minima iste. Deleniti qui quo cum est.', 2, '2022-02-14 10:47:36', '2022-02-14 10:47:36'),
(491, 37, 'quos', 'Voluptas delectus eos impedit soluta. Laborum tenetur placeat facere dolore ratione soluta. Quidem ea deserunt deserunt non. Dolorem pariatur molestiae rem corrupti. Eligendi et sed autem deleniti ut.', 1, '2022-02-14 10:47:36', '2022-02-14 10:47:36'),
(492, 41, 'quod', 'Corporis est asperiores necessitatibus blanditiis. Voluptas alias et quasi saepe voluptatem. Velit natus autem qui tempora numquam nisi sed.', 5, '2022-02-14 10:47:36', '2022-02-14 10:47:36'),
(493, 29, 'omnis', 'Consectetur aliquid eius voluptatem voluptatibus atque ab. Sequi illum porro excepturi nihil doloribus. Autem dicta distinctio suscipit est ab unde. Et nesciunt aut omnis tenetur libero repudiandae.', 3, '2022-02-14 10:47:36', '2022-02-14 10:47:36'),
(494, 12, 'enim', 'Maxime voluptatem odit sint error dolor. Et repudiandae aut fuga repellendus quia qui sunt. Aut voluptatum eum nesciunt deserunt non. Quia est autem nam aut inventore ipsam.', 3, '2022-02-14 10:47:37', '2022-02-14 10:47:37'),
(495, 26, 'natus', 'At soluta labore nisi doloremque. Aut aut recusandae veritatis qui velit quo. Dolores ipsa vel dignissimos aspernatur possimus quae.', 3, '2022-02-14 10:47:37', '2022-02-14 10:47:37'),
(496, 37, 'tenetur', 'Consectetur sequi ratione eveniet non quibusdam ducimus blanditiis. Quo assumenda a veritatis adipisci. Quis qui aliquam modi atque nulla corrupti ducimus tenetur. Rerum ad deleniti exercitationem et itaque in.', 3, '2022-02-14 10:47:37', '2022-02-14 10:47:37'),
(497, 26, 'sunt', 'Praesentium architecto quia temporibus voluptatem. Aut modi iste iusto harum sint. Et expedita eligendi repellendus debitis. Voluptate sunt cupiditate eum ducimus ut architecto.', 5, '2022-02-14 10:47:37', '2022-02-14 10:47:37'),
(498, 50, 'minima', 'Quia asperiores harum animi corrupti. Necessitatibus et tempore aperiam voluptas ut. Nam sit quisquam dolores id distinctio. Aut dicta aperiam porro cum molestiae nemo enim.', 5, '2022-02-14 10:47:37', '2022-02-14 10:47:37'),
(499, 10, 'cum', 'Modi harum vitae tempore provident quia laudantium. Omnis quidem consequatur et eius exercitationem autem et. Officiis eum ratione asperiores eligendi sint et. Voluptatibus et maiores dignissimos delectus aut ipsum quibusdam.', 2, '2022-02-14 10:47:37', '2022-02-14 10:47:37'),
(500, 47, 'omnis', 'Quam ratione et molestias nam laudantium vel nihil. Dolores nesciunt et doloribus nostrum velit. Dignissimos quia atque quo ut mollitia dolorem. Vel sit quia vel nihil.', 4, '2022-02-14 10:47:37', '2022-02-14 10:47:37'),
(501, 1, 'himel 10', 'Fugiat dolores et et ipsa placeat libero eveniet maiores. Sequi numquam voluptas ut sed et ab aliquam beatae. Omnis cupiditate sint et et iusto autem sit modi.', 5, '2022-02-15 09:31:46', '2022-02-15 09:31:46'),
(502, 2, 'himel 10', 'Fugiat dolores et et ipsa placeat libero eveniet maiores. Sequi numquam voluptas ut sed et ab aliquam beatae. Omnis cupiditate sint et et iusto autem sit modi.', 5, '2022-02-15 09:31:59', '2022-02-15 09:31:59');

-- --------------------------------------------------------

--
-- Table structure for table `users`
--

CREATE TABLE `users` (
  `id` bigint(20) UNSIGNED NOT NULL,
  `name` varchar(255) COLLATE utf8mb4_unicode_ci NOT NULL,
  `email` varchar(255) COLLATE utf8mb4_unicode_ci NOT NULL,
  `email_verified_at` timestamp NULL DEFAULT NULL,
  `password` varchar(255) COLLATE utf8mb4_unicode_ci NOT NULL,
  `remember_token` varchar(100) COLLATE utf8mb4_unicode_ci DEFAULT NULL,
  `created_at` timestamp NULL DEFAULT NULL,
  `updated_at` timestamp NULL DEFAULT NULL
) ENGINE=InnoDB DEFAULT CHARSET=utf8mb4 COLLATE=utf8mb4_unicode_ci;

--
-- Dumping data for table `users`
--

INSERT INTO `users` (`id`, `name`, `email`, `email_verified_at`, `password`, `remember_token`, `created_at`, `updated_at`) VALUES
(1, 'nuruzzamn', 'nuruzzaman.himel147@gmail.com', '2022-02-14 10:46:33', '$2y$10$92IXUNpkjO0rOQ5byMi.Ye4oKoEa3Ro9llC/.og/at2.uheWG/igi', 'KUyjjfQPax', '2022-02-14 10:46:33', '2022-02-14 10:46:33'),
(2, 'Francisca Bechtelar IV', 'miguel.nitzsche@example.com', '2022-02-14 10:46:33', '$2y$10$92IXUNpkjO0rOQ5byMi.Ye4oKoEa3Ro9llC/.og/at2.uheWG/igi', '3RQ51RO3i1', '2022-02-14 10:46:33', '2022-02-14 10:46:33'),
(3, 'Ms. Emmanuelle Barrows', 'kbartoletti@example.com', '2022-02-14 10:46:33', '$2y$10$92IXUNpkjO0rOQ5byMi.Ye4oKoEa3Ro9llC/.og/at2.uheWG/igi', 'p9efaNNm2c', '2022-02-14 10:46:33', '2022-02-14 10:46:33'),
(4, 'Rae Legros', 'isabella.keebler@example.com', '2022-02-14 10:46:33', '$2y$10$92IXUNpkjO0rOQ5byMi.Ye4oKoEa3Ro9llC/.og/at2.uheWG/igi', 'T43Jq1mfPu', '2022-02-14 10:46:34', '2022-02-14 10:46:34'),
(5, 'Baylee Klocko', 'tomas.watsica@example.net', '2022-02-14 10:46:33', '$2y$10$92IXUNpkjO0rOQ5byMi.Ye4oKoEa3Ro9llC/.og/at2.uheWG/igi', 'zN8KOvfcbh', '2022-02-14 10:46:34', '2022-02-14 10:46:34');

--
-- Indexes for dumped tables
--

--
-- Indexes for table `failed_jobs`
--
ALTER TABLE `failed_jobs`
  ADD PRIMARY KEY (`id`);

--
-- Indexes for table `migrations`
--
ALTER TABLE `migrations`
  ADD PRIMARY KEY (`id`);

--
-- Indexes for table `oauth_access_tokens`
--
ALTER TABLE `oauth_access_tokens`
  ADD PRIMARY KEY (`id`),
  ADD KEY `oauth_access_tokens_user_id_index` (`user_id`);

--
-- Indexes for table `oauth_auth_codes`
--
ALTER TABLE `oauth_auth_codes`
  ADD PRIMARY KEY (`id`);

--
-- Indexes for table `oauth_clients`
--
ALTER TABLE `oauth_clients`
  ADD PRIMARY KEY (`id`),
  ADD KEY `oauth_clients_user_id_index` (`user_id`);

--
-- Indexes for table `oauth_personal_access_clients`
--
ALTER TABLE `oauth_personal_access_clients`
  ADD PRIMARY KEY (`id`),
  ADD KEY `oauth_personal_access_clients_client_id_index` (`client_id`);

--
-- Indexes for table `oauth_refresh_tokens`
--
ALTER TABLE `oauth_refresh_tokens`
  ADD PRIMARY KEY (`id`),
  ADD KEY `oauth_refresh_tokens_access_token_id_index` (`access_token_id`);

--
-- Indexes for table `password_resets`
--
ALTER TABLE `password_resets`
  ADD KEY `password_resets_email_index` (`email`);

--
-- Indexes for table `products`
--
ALTER TABLE `products`
  ADD PRIMARY KEY (`id`),
  ADD KEY `products_user_id_index` (`user_id`);

--
-- Indexes for table `reviews`
--
ALTER TABLE `reviews`
  ADD PRIMARY KEY (`id`),
  ADD KEY `reviews_product_id_index` (`product_id`);

--
-- Indexes for table `users`
--
ALTER TABLE `users`
  ADD PRIMARY KEY (`id`),
  ADD UNIQUE KEY `users_email_unique` (`email`);

--
-- AUTO_INCREMENT for dumped tables
--

--
-- AUTO_INCREMENT for table `failed_jobs`
--
ALTER TABLE `failed_jobs`
  MODIFY `id` bigint(20) UNSIGNED NOT NULL AUTO_INCREMENT;

--
-- AUTO_INCREMENT for table `migrations`
--
ALTER TABLE `migrations`
  MODIFY `id` int(10) UNSIGNED NOT NULL AUTO_INCREMENT, AUTO_INCREMENT=21;

--
-- AUTO_INCREMENT for table `oauth_clients`
--
ALTER TABLE `oauth_clients`
  MODIFY `id` int(10) UNSIGNED NOT NULL AUTO_INCREMENT, AUTO_INCREMENT=3;

--
-- AUTO_INCREMENT for table `oauth_personal_access_clients`
--
ALTER TABLE `oauth_personal_access_clients`
  MODIFY `id` int(10) UNSIGNED NOT NULL AUTO_INCREMENT, AUTO_INCREMENT=2;

--
-- AUTO_INCREMENT for table `products`
--
ALTER TABLE `products`
  MODIFY `id` int(10) UNSIGNED NOT NULL AUTO_INCREMENT, AUTO_INCREMENT=51;

--
-- AUTO_INCREMENT for table `reviews`
--
ALTER TABLE `reviews`
  MODIFY `id` int(10) UNSIGNED NOT NULL AUTO_INCREMENT, AUTO_INCREMENT=503;

--
-- AUTO_INCREMENT for table `users`
--
ALTER TABLE `users`
  MODIFY `id` bigint(20) UNSIGNED NOT NULL AUTO_INCREMENT, AUTO_INCREMENT=6;

--
-- Constraints for dumped tables
--

--
-- Constraints for table `reviews`
--
ALTER TABLE `reviews`
  ADD CONSTRAINT `reviews_product_id_foreign` FOREIGN KEY (`product_id`) REFERENCES `products` (`id`) ON DELETE CASCADE;
COMMIT;

/*!40101 SET CHARACTER_SET_CLIENT=@OLD_CHARACTER_SET_CLIENT */;
/*!40101 SET CHARACTER_SET_RESULTS=@OLD_CHARACTER_SET_RESULTS */;
/*!40101 SET COLLATION_CONNECTION=@OLD_COLLATION_CONNECTION */;
